1,AKQJT
2,KQJT9
3,QJT98
4,JT987
5,T9876
6,98765
7,87654
8,76543
9,65432
10,5432A
11,AAAAK
12,AAAAQ
13,AAAAJ
14,AAAAT
15,AAAA9
16,AAAA8
17,AAAA7
18,AAAA6
19,AAAA5
20,AAAA4
21,AAAA3
22,AAAA2
23,KKKKA
24,KKKKQ
25,KKKKJ
26,KKKKT
27,KKKK9
28,KKKK8
29,KKKK7
30,KKKK6
31,KKKK5
32,KKKK4
33,KKKK3
34,KKKK2
35,QQQQA
36,QQQQK
37,QQQQJ
38,QQQQT
39,QQQQ9
40,QQQQ8
41,QQQQ7
42,QQQQ6
43,QQQQ5
44,QQQQ4
45,QQQQ3
46,QQQQ2
47,JJJJA
48,JJJJK
49,JJJJQ
50,JJJJT
51,JJJJ9
52,JJJJ8
53,JJJJ7
54,JJJJ6
55,JJJJ5
56,JJJJ4
57,JJJJ3
58,JJJJ2
59,TTTTA
60,TTTTK
61,TTTTQ
62,TTTTJ
63,TTTT9
64,TTTT8
65,TTTT7
66,TTTT6
67,TTTT5
68,TTTT4
69,TTTT3
70,TTTT2
71,9999A
72,9999K
73,9999Q
74,9999J
75,9999T
76,99998
77,99997
78,99996
79,99995
80,99994
81,99993
82,99992
83,8888A
84,8888K
85,8888Q
86,8888J
87,8888T
88,88889
89,88887
90,88886
91,88885
92,88884
93,88883
94,88882
95,7777A
96,7777K
97,7777Q
98,7777J
99,7777T
100,77779
101,77778
102,77776
103,77775
104,77774
105,77773
106,77772
107,6666A
108,6666K
109,6666Q
110,6666J
111,6666T
112,66669
113,66668
114,66667
115,66665
116,66664
117,66663
118,66662
119,5555A
120,5555K
121,5555Q
122,5555J
123,5555T
124,55559
125,55558
126,55557
127,55556
128,55554
129,55553
130,55552
131,4444A
132,4444K
133,4444Q
134,4444J
135,4444T
136,44449
137,44448
138,44447
139,44446
140,44445
141,44443
142,44442
143,3333A
144,3333K
145,3333Q
146,3333J
147,3333T
148,33339
149,33338
150,33337
151,33336
152,33335
153,33334
154,33332
155,2222A
156,2222K
157,2222Q
158,2222J
159,2222T
160,22229
161,22228
162,22227
163,22226
164,22225
165,22224
166,22223
167,AAAKK
168,AAAQQ
169,AAAJJ
170,AAATT
171,AAA99
172,AAA88
173,AAA77
174,AAA66
175,AAA55
176,AAA44
177,AAA33
178,AAA22
179,KKKAA
180,KKKQQ
181,KKKJJ
182,KKKTT
183,KKK99
184,KKK88
185,KKK77
186,KKK66
187,KKK55
188,KKK44
189,KKK33
190,KKK22
191,QQQAA
192,QQQKK
193,QQQJJ
194,QQQTT
195,QQQ99
196,QQQ88
197,QQQ77
198,QQQ66
199,QQQ55
200,QQQ44
201,QQQ33
202,QQQ22
203,JJJAA
204,JJJKK
205,JJJQQ
206,JJJTT
207,JJJ99
208,JJJ88
209,JJJ77
210,JJJ66
211,JJJ55
212,JJJ44
213,JJJ33
214,JJJ22
215,TTTAA
216,TTTKK
217,TTTQQ
218,TTTJJ
219,TTT99
220,TTT88
221,TTT77
222,TTT66
223,TTT55
224,TTT44
225,TTT33
226,TTT22
227,999AA
228,999KK
229,999QQ
230,999JJ
231,999TT
232,99988
233,99977
234,99966
235,99955
236,99944
237,99933
238,99922
239,888AA
240,888KK
241,888QQ
242,888JJ
243,888TT
244,88899
245,88877
246,88866
247,88855
248,88844
249,88833
250,88822
251,777AA
252,777KK
253,777QQ
254,777JJ
255,777TT
256,77799
257,77788
258,77766
259,77755
260,77744
261,77733
262,77722
263,666AA
264,666KK
265,666QQ
266,666JJ
267,666TT
268,66699
269,66688
270,66677
271,66655
272,66644
273,66633
274,66622
275,555AA
276,555KK
277,555QQ
278,555JJ
279,555TT
280,55599
281,55588
282,55577
283,55566
284,55544
285,55533
286,55522
287,444AA
288,444KK
289,444QQ
290,444JJ
291,444TT
292,44499
293,44488
294,44477
295,44466
296,44455
297,44433
298,44422
299,333AA
300,333KK
301,333QQ
302,333JJ
303,333TT
304,33399
305,33388
306,33377
307,33366
308,33355
309,33344
310,33322
311,222AA
312,222KK
313,222QQ
314,222JJ
315,222TT
316,22299
317,22288
318,22277
319,22266
320,22255
321,22244
322,22233
323,AKQJ9
324,AKQJ8
325,AKQJ7
326,AKQJ6
327,AKQJ5
328,AKQJ4
329,AKQJ3
330,AKQJ2
331,AKQT9
332,AKQT8
333,AKQT7
334,AKQT6
335,AKQT5
336,AKQT4
337,AKQT3
338,AKQT2
339,AKQ98
340,AKQ97
341,AKQ96
342,AKQ95
343,AKQ94
344,AKQ93
345,AKQ92
346,AKQ87
347,AKQ86
348,AKQ85
349,AKQ84
350,AKQ83
351,AKQ82
352,AKQ76
353,AKQ75
354,AKQ74
355,AKQ73
356,AKQ72
357,AKQ65
358,AKQ64
359,AKQ63
360,AKQ62
361,AKQ54
362,AKQ53
363,AKQ52
364,AKQ43
365,AKQ42
366,AKQ32
367,AKJT9
368,AKJT8
369,AKJT7
370,AKJT6
371,AKJT5
372,AKJT4
373,AKJT3
374,AKJT2
375,AKJ98
376,AKJ97
377,AKJ96
378,AKJ95
379,AKJ94
380,AKJ93
381,AKJ92
382,AKJ87
383,AKJ86
384,AKJ85
385,AKJ84
386,AKJ83
387,AKJ82
388,AKJ76
389,AKJ75
390,AKJ74
391,AKJ73
392,AKJ72
393,AKJ65
394,AKJ64
395,AKJ63
396,AKJ62
397,AKJ54
398,AKJ53
399,AKJ52
400,AKJ43
401,AKJ42
402,AKJ32
403,AKT98
404,AKT97
405,AKT96
406,AKT95
407,AKT94
408,AKT93
409,AKT92
410,AKT87
411,AKT86
412,AKT85
413,AKT84
414,AKT83
415,AKT82
416,AKT76
417,AKT75
418,AKT74
419,AKT73
420,AKT72
421,AKT65
422,AKT64
423,AKT63
424,AKT62
425,AKT54
426,AKT53
427,AKT52
428,AKT43
429,AKT42
430,AKT32
431,AK987
432,AK986
433,AK985
434,AK984
435,AK983
436,AK982
437,AK976
438,AK975
439,AK974
440,AK973
441,AK972
442,AK965
443,AK964
444,AK963
445,AK962
446,AK954
447,AK953
448,AK952
449,AK943
450,AK942
451,AK932
452,AK876
453,AK875
454,AK874
455,AK873
456,AK872
457,AK865
458,AK864
459,AK863
460,AK862
461,AK854
462,AK853
463,AK852
464,AK843
465,AK842
466,AK832
467,AK765
468,AK764
469,AK763
470,AK762
471,AK754
472,AK753
473,AK752
474,AK743
475,AK742
476,AK732
477,AK654
478,AK653
479,AK652
480,AK643
481,AK642
482,AK632
483,AK543
484,AK542
485,AK532
486,AK432
487,AQJT9
488,AQJT8
489,AQJT7
490,AQJT6
491,AQJT5
492,AQJT4
493,AQJT3
494,AQJT2
495,AQJ98
496,AQJ97
497,AQJ96
498,AQJ95
499,AQJ94
500,AQJ93
501,AQJ92
502,AQJ87
503,AQJ86
504,AQJ85
505,AQJ84
506,AQJ83
507,AQJ82
508,AQJ76
509,AQJ75
510,AQJ74
511,AQJ73
512,AQJ72
513,AQJ65
514,AQJ64
515,AQJ63
516,AQJ62
517,AQJ54
518,AQJ53
519,AQJ52
520,AQJ43
521,AQJ42
522,AQJ32
523,AQT98
524,AQT97
525,AQT96
526,AQT95
527,AQT94
528,AQT93
529,AQT92
530,AQT87
531,AQT86
532,AQT85
533,AQT84
534,AQT83
535,AQT82
536,AQT76
537,AQT75
538,AQT74
539,AQT73
540,AQT72
541,AQT65
542,AQT64
543,AQT63
544,AQT62
545,AQT54
546,AQT53
547,AQT52
548,AQT43
549,AQT42
550,AQT32
551,AQ987
552,AQ986
553,AQ985
554,AQ984
555,AQ983
556,AQ982
557,AQ976
558,AQ975
559,AQ974
560,AQ973
561,AQ972
562,AQ965
563,AQ964
564,AQ963
565,AQ962
566,AQ954
567,AQ953
568,AQ952
569,AQ943
570,AQ942
571,AQ932
572,AQ876
573,AQ875
574,AQ874
575,AQ873
576,AQ872
577,AQ865
578,AQ864
579,AQ863
580,AQ862
581,AQ854
582,AQ853
583,AQ852
584,AQ843
585,AQ842
586,AQ832
587,AQ765
588,AQ764
589,AQ763
590,AQ762
591,AQ754
592,AQ753
593,AQ752
594,AQ743
595,AQ742
596,AQ732
597,AQ654
598,AQ653
599,AQ652
600,AQ643
601,AQ642
602,AQ632
603,AQ543
604,AQ542
605,AQ532
606,AQ432
607,AJT98
608,AJT97
609,AJT96
610,AJT95
611,AJT94
612,AJT93
613,AJT92
614,AJT87
615,AJT86
616,AJT85
617,AJT84
618,AJT83
619,AJT82
620,AJT76
621,AJT75
622,AJT74
623,AJT73
624,AJT72
625,AJT65
626,AJT64
627,AJT63
628,AJT62
629,AJT54
630,AJT53
631,AJT52
632,AJT43
633,AJT42
634,AJT32
635,AJ987
636,AJ986
637,AJ985
638,AJ984
639,AJ983
640,AJ982
641,AJ976
642,AJ975
643,AJ974
644,AJ973
645,AJ972
646,AJ965
647,AJ964
648,AJ963
649,AJ962
650,AJ954
651,AJ953
652,AJ952
653,AJ943
654,AJ942
655,AJ932
656,AJ876
657,AJ875
658,AJ874
659,AJ873
660,AJ872
661,AJ865
662,AJ864
663,AJ863
664,AJ862
665,AJ854
666,AJ853
667,AJ852
668,AJ843
669,AJ842
670,AJ832
671,AJ765
672,AJ764
673,AJ763
674,AJ762
675,AJ754
676,AJ753
677,AJ752
678,AJ743
679,AJ742
680,AJ732
681,AJ654
682,AJ653
683,AJ652
684,AJ643
685,AJ642
686,AJ632
687,AJ543
688,AJ542
689,AJ532
690,AJ432
691,AT987
692,AT986
693,AT985
694,AT984
695,AT983
696,AT982
697,AT976
698,AT975
699,AT974
700,AT973
701,AT972
702,AT965
703,AT964
704,AT963
705,AT962
706,AT954
707,AT953
708,AT952
709,AT943
710,AT942
711,AT932
712,AT876
713,AT875
714,AT874
715,AT873
716,AT872
717,AT865
718,AT864
719,AT863
720,AT862
721,AT854
722,AT853
723,AT852
724,AT843
725,AT842
726,AT832
727,AT765
728,AT764
729,AT763
730,AT762
731,AT754
732,AT753
733,AT752
734,AT743
735,AT742
736,AT732
737,AT654
738,AT653
739,AT652
740,AT643
741,AT642
742,AT632
743,AT543
744,AT542
745,AT532
746,AT432
747,A9876
748,A9875
749,A9874
750,A9873
751,A9872
752,A9865
753,A9864
754,A9863
755,A9862
756,A9854
757,A9853
758,A9852
759,A9843
760,A9842
761,A9832
762,A9765
763,A9764
764,A9763
765,A9762
766,A9754
767,A9753
768,A9752
769,A9743
770,A9742
771,A9732
772,A9654
773,A9653
774,A9652
775,A9643
776,A9642
777,A9632
778,A9543
779,A9542
780,A9532
781,A9432
782,A8765
783,A8764
784,A8763
785,A8762
786,A8754
787,A8753
788,A8752
789,A8743
790,A8742
791,A8732
792,A8654
793,A8653
794,A8652
795,A8643
796,A8642
797,A8632
798,A8543
799,A8542
800,A8532
801,A8432
802,A7654
803,A7653
804,A7652
805,A7643
806,A7642
807,A7632
808,A7543
809,A7542
810,A7532
811,A7432
812,A6543
813,A6542
814,A6532
815,A6432
816,KQJT8
817,KQJT7
818,KQJT6
819,KQJT5
820,KQJT4
821,KQJT3
822,KQJT2
823,KQJ98
824,KQJ97
825,KQJ96
826,KQJ95
827,KQJ94
828,KQJ93
829,KQJ92
830,KQJ87
831,KQJ86
832,KQJ85
833,KQJ84
834,KQJ83
835,KQJ82
836,KQJ76
837,KQJ75
838,KQJ74
839,KQJ73
840,KQJ72
841,KQJ65
842,KQJ64
843,KQJ63
844,KQJ62
845,KQJ54
846,KQJ53
847,KQJ52
848,KQJ43
849,KQJ42
850,KQJ32
851,KQT98
852,KQT97
853,KQT96
854,KQT95
855,KQT94
856,KQT93
857,KQT92
858,KQT87
859,KQT86
860,KQT85
861,KQT84
862,KQT83
863,KQT82
864,KQT76
865,KQT75
866,KQT74
867,KQT73
868,KQT72
869,KQT65
870,KQT64
871,KQT63
872,KQT62
873,KQT54
874,KQT53
875,KQT52
876,KQT43
877,KQT42
878,KQT32
879,KQ987
880,KQ986
881,KQ985
882,KQ984
883,KQ983
884,KQ982
885,KQ976
886,KQ975
887,KQ974
888,KQ973
889,KQ972
890,KQ965
891,KQ964
892,KQ963
893,KQ962
894,KQ954
895,KQ953
896,KQ952
897,KQ943
898,KQ942
899,KQ932
900,KQ876
901,KQ875
902,KQ874
903,KQ873
904,KQ872
905,KQ865
906,KQ864
907,KQ863
908,KQ862
909,KQ854
910,KQ853
911,KQ852
912,KQ843
913,KQ842
914,KQ832
915,KQ765
916,KQ764
917,KQ763
918,KQ762
919,KQ754
920,KQ753
921,KQ752
922,KQ743
923,KQ742
924,KQ732
925,KQ654
926,KQ653
927,KQ652
928,KQ643
929,KQ642
930,KQ632
931,KQ543
932,KQ542
933,KQ532
934,KQ432
935,KJT98
936,KJT97
937,KJT96
938,KJT95
939,KJT94
940,KJT93
941,KJT92
942,KJT87
943,KJT86
944,KJT85
945,KJT84
946,KJT83
947,KJT82
948,KJT76
949,KJT75
950,KJT74
951,KJT73
952,KJT72
953,KJT65
954,KJT64
955,KJT63
956,KJT62
957,KJT54
958,KJT53
959,KJT52
960,KJT43
961,KJT42
962,KJT32
963,KJ987
964,KJ986
965,KJ985
966,KJ984
967,KJ983
968,KJ982
969,KJ976
970,KJ975
971,KJ974
972,KJ973
973,KJ972
974,KJ965
975,KJ964
976,KJ963
977,KJ962
978,KJ954
979,KJ953
980,KJ952
981,KJ943
982,KJ942
983,KJ932
984,KJ876
985,KJ875
986,KJ874
987,KJ873
988,KJ872
989,KJ865
990,KJ864
991,KJ863
992,KJ862
993,KJ854
994,KJ853
995,KJ852
996,KJ843
997,KJ842
998,KJ832
999,KJ765
4,J764F
4,J763F
4,J762F
4,J754F
4,J753F
4,J752F
4,J743F
4,J742F
4,J732F
4,J654F
4,J653F
4,J652F
4,J643F
4,J642F
4,J632F
4,J543F
4,J542F
4,J532F
4,J432F
4,T987F
4,T986F
4,T985F
4,T984F
4,T983F
4,T982F
4,T976F
4,T975F
4,T974F
4,T973F
4,T972F
4,T965F
4,T964F
4,T963F
4,T962F
4,T954F
4,T953F
4,T952F
4,T943F
4,T942F
4,T932F
4,T876F
4,T875F
4,T874F
4,T873F
4,T872F
4,T865F
4,T864F
4,T863F
4,T862F
4,T854F
4,T853F
4,T852F
4,T843F
4,T842F
4,T832F
4,T765F
4,T764F
4,T763F
4,T762F
4,T754F
4,T753F
4,T752F
4,T743F
4,T742F
4,T732F
4,T654F
4,T653F
4,T652F
4,T643F
4,T642F
4,T632F
4,T543F
4,T542F
4,T532F
4,T432F
4,9876F
4,9875F
4,9874F
4,9873F
4,9872F
4,9865F
4,9864F
4,9863F
4,9862F
4,9854F
4,9853F
4,9852F
4,9843F
4,9842F
4,9832F
4,9765F
4,9764F
4,9763F
4,9762F
4,9754F
4,9753F
4,9752F
4,9743F
4,9742F
4,9732F
4,9654F
4,9653F
4,9652F
4,9643F
4,9642F
4,9632F
4,9543F
4,9542F
4,9532F
4,9432F
4,8765F
4,8764F
4,8763F
4,8762F
4,8754F
4,8753F
4,8752F
4,8743F
4,8742F
4,8732F
4,8654F
4,8653F
4,8652F
4,8643F
4,8642F
4,8632F
4,8543F
4,8542F
4,8532F
4,8432F
4,7654F
4,7653F
4,7652F
4,7643F
4,7642F
4,7632F
4,7543F
4,7542F
4,7532F
4,7432F
4,6543F
4,6542F
4,6532F
4,6432F
4,5432F
4,JT97F
4,JT96F
4,JT95F
4,JT94F
4,JT93F
4,JT92F
4,JT87F
4,JT86F
4,JT85F
4,JT84F
4,JT83F
4,JT82F
4,JT76F
4,JT75F
4,JT74F
4,JT73F
4,JT72F
4,JT65F
4,JT64F
4,JT63F
4,JT62F
4,JT54F
4,JT53F
4,JT52F
4,JT43F
4,JT42F
4,JT32F
4,J987F
4,J986F
4,J985F
4,J984F
4,J983F
4,J982F
4,J976F
4,J975F
4,J974F
4,J973F
4,J972F
4,J965F
4,J964F
4,J963F
4,J962F
4,J954F
4,J953F
4,J952F
4,J943F
4,J942F
4,J932F
4,J876F
4,J875F
4,J874F
4,J873F
4,J872F
4,J865F
4,J864F
4,J863F
4,J862F
4,J854F
4,J853F
4,J852F
4,J843F
4,J842F
4,J832F
4,J765F
4,J764F
4,J763F
4,J762F
4,J754F
4,J753F
4,J752F
4,J743F
4,J742F
4,J732F
4,J654F
4,J653F
4,J652F
4,J643F
4,J642F
4,J632F
4,J543F
4,J542F
4,J532F
4,J432F
4,T987F
4,T986F
4,T985F
4,T984F
4,T983F
4,T982F
4,T976F
4,T975F
4,T974F
4,T973F
4,T972F
4,T965F
4,T964F
4,T963F
4,T962F
4,T954F
4,T953F
4,T952F
4,T943F
4,T942F
4,T932F
4,T876F
4,T875F
4,T874F
4,T873F
4,T872F
4,T865F
4,T864F
4,T863F
4,T862F
4,T854F
4,T853F
4,T852F
4,T843F
4,T842F
4,T832F
4,T765F
4,T764F
4,T763F
4,T762F
4,T754F
4,T753F
4,T752F
4,T743F
4,T742F
4,T732F
4,T654F
4,T653F
4,T652F
4,T643F
4,T642F
4,T632F
4,T543F
4,T542F
4,T532F
4,T432F
4,9876F
4,9875F
4,9874F
4,9873F
4,9872F
4,9865F
4,9864F
4,9863F
4,9862F
4,9854F
4,9853F
4,9852F
4,9843F
4,9842F
4,9832F
4,9765F
4,9764F
4,9763F
4,9762F
4,9754F
4,9753F
4,9752F
4,9743F
4,9742F
4,9732F
4,9654F
4,9653F
4,9652F
4,9643F
4,9642F
4,9632F
4,9543F
4,9542F
4,9532F
4,9432F
4,8765F
4,8764F
4,8763F
4,8762F
4,8754F
4,8753F
4,8752F
4,8743F
4,8742F
4,8732F
4,8654F
4,8653F
4,8652F
4,8643F
4,8642F
4,8632F
4,8543F
4,8542F
4,8532F
4,8432F
4,7654F
4,7653F
4,7652F
4,7643F
4,7642F
4,7632F
4,7543F
4,7542F
4,7532F
4,7432F
4,6543F
4,6542F
4,6532F
4,6432F
4,5432F
4,T986F
4,T985F
4,T984F
4,T983F
4,T982F
4,T976F
4,T975F
4,T974F
4,T973F
4,T972F
4,T965F
4,T964F
4,T963F
4,T962F
4,T954F
4,T953F
4,T952F
4,T943F
4,T942F
4,T932F
4,T876F
4,T875F
4,T874F
4,T873F
4,T872F
4,T865F
4,T864F
4,T863F
4,T862F
4,T854F
4,T853F
4,T852F
4,T843F
4,T842F
4,T832F
4,T765F
4,T764F
4,T763F
4,T762F
4,T754F
4,T753F
4,T752F
4,T743F
4,T742F
4,T732F
4,T654F
4,T653F
4,T652F
4,T643F
4,T642F
4,T632F
4,T543F
4,T542F
4,T532F
4,T432F
4,9876F
4,9875F
4,9874F
4,9873F
4,9872F
4,9865F
4,9864F
4,9863F
4,9862F
4,9854F
4,9853F
4,9852F
4,9843F
4,9842F
4,9832F
4,9765F
4,9764F
4,9763F
4,9762F
4,9754F
4,9753F
4,9752F
4,9743F
4,9742F
4,9732F
4,9654F
4,9653F
4,9652F
4,9643F
4,9642F
4,9632F
4,9543F
4,9542F
4,9532F
4,9432F
4,8765F
4,8764F
4,8763F
4,8762F
4,8754F
4,8753F
4,8752F
4,8743F
4,8742F
4,8732F
4,8654F
4,8653F
4,8652F
4,8643F
4,8642F
4,8632F
4,8543F
4,8542F
4,8532F
4,8432F
4,7654F
4,7653F
4,7652F
4,7643F
4,7642F
4,7632F
4,7543F
4,7542F
4,7532F
4,7432F
4,6543F
4,6542F
4,6532F
4,6432F
4,5432F
4,9875F
4,9874F
4,9873F
4,9872F
4,9865F
4,9864F
4,9863F
4,9862F
4,9854F
4,9853F
4,9852F
4,9843F
4,9842F
4,9832F
4,9765F
4,9764F
4,9763F
4,9762F
4,9754F
4,9753F
4,9752F
4,9743F
4,9742F
4,9732F
4,9654F
4,9653F
4,9652F
4,9643F
4,9642F
4,9632F
4,9543F
4,9542F
4,9532F
4,9432F
4,8765F
4,8764F
4,8763F
4,8762F
4,8754F
4,8753F
4,8752F
4,8743F
4,8742F
4,8732F
4,8654F
4,8653F
4,8652F
4,8643F
4,8642F
4,8632F
4,8543F
4,8542F
4,8532F
4,8432F
4,7654F
4,7653F
4,7652F
4,7643F
4,7642F
4,7632F
4,7543F
4,7542F
4,7532F
4,7432F
4,6543F
4,6542F
4,6532F
4,6432F
4,5432F
4,8764F
4,8763F
4,8762F
4,8754F
4,8753F
4,8752F
4,8743F
4,8742F
4,8732F
4,8654F
4,8653F
4,8652F
4,8643F
4,8642F
4,8632F
4,8543F
4,8542F
4,8532F
4,8432F
4,7654F
4,7653F
4,7652F
4,7643F
4,7642F
4,7632F
4,7543F
4,7542F
4,7532F
4,7432F
4,6543F
4,6542F
4,6532F
4,6432F
4,5432F
4,7653F
4,7652F
4,7643F
4,7642F
4,7632F
4,7543F
4,7542F
4,7532F
4,7432F
4,6543F
4,6542F
4,6532F
4,6432F
4,5432F
4,6542F
4,6532F
4,6432F
4,5432F
1020,KQJTS
1020,QJT9S
1020,JT98S
1020,T987S
1020,9876S
1020,8765S
1020,7654S
1020,6543S
1020,5432S
1020,432AS
64,AAKQ3K
64,AAKJ3K
64,AAKT3K
64,AAK93K
64,AAK83K
64,AAK73K
64,AAK63K
64,AAK53K
64,AAK43K
64,AAK33K
64,AAK23K
64,AAQJ3K
64,AAQT3K
64,AAQ93K
64,AAQ83K
64,AAQ73K
64,AAQ63K
64,AAQ53K
64,AAQ43K
64,AAQ33K
64,AAQ23K
64,AAJT3K
64,AAJ93K
64,AAJ83K
64,AAJ73K
64,AAJ63K
64,AAJ53K
64,AAJ43K
64,AAJ33K
64,AAJ23K
64,AAT93K
64,AAT83K
64,AAT73K
64,AAT63K
64,AAT53K
64,AAT43K
64,AAT33K
64,AAT23K
64,AA983K
64,AA973K
64,AA963K
64,AA953K
64,AA943K
64,AA933K
64,AA923K
64,AA873K
64,AA863K
64,AA853K
64,AA843K
64,AA833K
64,AA823K
64,AA763K
64,AA753K
64,AA743K
64,AA733K
64,AA723K
64,AA653K
64,AA643K
64,AA633K
64,AA623K
64,AA543K
64,AA533K
64,AA523K
64,AA433K
64,AA423K
64,AA323K
64,KKAQ3K
64,KKAJ3K
64,KKAT3K
64,KKA93K
64,KKA83K
64,KKA73K
64,KKA63K
64,KKA53K
64,KKA43K
64,KKA33K
64,KKA23K
64,KKQJ3K
64,KKQT3K
64,KKQ93K
64,KKQ83K
64,KKQ73K
64,KKQ63K
64,KKQ53K
64,KKQ43K
64,KKQ33K
64,KKQ23K
64,KKJT3K
64,KKJ93K
64,KKJ83K
64,KKJ73K
64,KKJ63K
64,KKJ53K
64,KKJ43K
64,KKJ33K
64,KKJ23K
64,KKT93K
64,KKT83K
64,KKT73K
64,KKT63K
64,KKT53K
64,KKT43K
64,KKT33K
64,KKT23K
64,KK983K
64,KK973K
64,KK963K
64,KK953K
64,KK943K
64,KK933K
64,KK923K
64,KK873K
64,KK863K
64,KK853K
64,KK843K
64,KK833K
64,KK823K
64,KK763K
64,KK753K
64,KK743K
64,KK733K
64,KK723K
64,KK653K
64,KK643K
64,KK633K
64,KK623K
64,KK543K
64,KK533K
64,KK523K
64,KK433K
64,KK423K
64,KK323K
64,QQAK3K
64,QQAJ3K
64,QQAT3K
64,QQA93K
64,QQA83K
64,QQA73K
64,QQA63K
64,QQA53K
64,QQA43K
64,QQA33K
64,QQA23K
64,QQKJ3K
64,QQKT3K
64,QQK93K
64,QQK83K
64,QQK73K
64,QQK63K
64,QQK53K
64,QQK43K
64,QQK33K
64,QQK23K
64,QQJT3K
64,QQJ93K
64,QQJ83K
64,QQJ73K
64,QQJ63K
64,QQJ53K
64,QQJ43K
64,QQJ33K
64,QQJ23K
64,QQT93K
64,QQT83K
64,QQT73K
64,QQT63K
64,QQT53K
64,QQT43K
64,QQT33K
64,QQT23K
64,QQ983K
64,QQ973K
64,QQ963K
64,QQ953K
64,QQ943K
64,QQ933K
64,QQ923K
64,QQ873K
64,QQ863K
64,QQ853K
64,QQ843K
64,QQ833K
64,QQ823K
64,QQ763K
64,QQ753K
64,QQ743K
64,QQ733K
64,QQ723K
64,QQ653K
64,QQ643K
64,QQ633K
64,QQ623K
64,QQ543K
64,QQ533K
64,QQ523K
64,QQ433K
64,QQ423K
64,QQ323K
64,JJAK3K
64,JJAQ3K
64,JJAT3K
64,JJA93K
64,JJA83K
64,JJA73K
64,JJA63K
64,JJA53K
64,JJA43K
64,JJA33K
64,JJA23K
64,JJKQ3K
64,JJKT3K
64,JJK93K
64,JJK83K
64,JJK73K
64,JJK63K
64,JJK53K
64,JJK43K
64,JJK33K
64,JJK23K
64,JJQT3K
64,JJQ93K
64,JJQ83K
64,JJQ73K
64,JJQ63K
64,JJQ53K
64,JJQ43K
64,JJQ33K
64,JJQ23K
64,JJT93K
64,JJT83K
64,JJT73K
64,JJT63K
64,JJT53K
64,JJT43K
64,JJT33K
64,JJT23K
64,JJ983K
64,JJ973K
64,JJ963K
64,JJ953K
64,JJ943K
64,JJ933K
64,JJ923K
64,JJ873K
64,JJ863K
64,JJ853K
64,JJ843K
64,JJ833K
64,JJ823K
64,JJ763K
64,JJ753K
64,JJ743K
64,JJ733K
64,JJ723K
64,JJ653K
64,JJ643K
64,JJ633K
64,JJ623K
64,JJ543K
64,JJ533K
64,JJ523K
64,JJ433K
64,JJ423K
64,JJ323K
64,TTAK3K
64,TTAQ3K
64,TTAJ3K
64,TTA93K
64,TTA83K
64,TTA73K
64,TTA63K
64,TTA53K
64,TTA43K
64,TTA33K
64,TTA23K
64,TTKQ3K
64,TTKJ3K
64,TTK93K
64,TTK83K
64,TTK73K
64,TTK63K
64,TTK53K
64,TTK43K
64,TTK33K
64,TTK23K
64,TTQJ3K
64,TTQ93K
64,TTQ83K
64,TTQ73K
64,TTQ63K
64,TTQ53K
64,TTQ43K
64,TTQ33K
64,TTQ23K
64,TTJ93K
64,TTJ83K
64,TTJ73K
64,TTJ63K
64,TTJ53K
64,TTJ43K
64,TTJ33K
64,TTJ23K
64,TT983K
64,TT973K
64,TT963K
64,TT953K
64,TT943K
64,TT933K
64,TT923K
64,TT873K
64,TT863K
64,TT853K
64,TT843K
64,TT833K
64,TT823K
64,TT763K
64,TT753K
64,TT743K
64,TT733K
64,TT723K
64,TT653K
64,TT643K
64,TT633K
64,TT623K
64,TT543K
64,TT533K
64,TT523K
64,TT433K
64,TT423K
64,TT323K
64,99AK3K
64,99AQ3K
64,99AJ3K
64,99AT3K
64,99A83K
64,99A73K
64,99A63K
64,99A53K
64,99A43K
64,99A33K
64,99A23K
64,99KQ3K
64,99KJ3K
64,99KT3K
64,99K83K
64,99K73K
64,99K63K
64,99K53K
64,99K43K
64,99K33K
64,99K23K
64,99QJ3K
64,99QT3K
64,99Q83K
64,99Q73K
64,99Q63K
64,99Q53K
64,99Q43K
64,99Q33K
64,99Q23K
64,99JT3K
64,99J83K
64,99J73K
64,99J63K
64,99J53K
64,99J43K
64,99J33K
64,99J23K
64,99T83K
64,99T73K
64,99T63K
64,99T53K
64,99T43K
64,99T33K
64,99T23K
64,99873K
64,99863K
64,99853K
64,99843K
64,99833K
64,99823K
64,99763K
64,99753K
64,99743K
64,99733K
64,99723K
64,99653K
64,99643K
64,99633K
64,99623K
64,99543K
64,99533K
64,99523K
64,99433K
64,99423K
64,99323K
64,88AK3K
64,88AQ3K
64,88AJ3K
64,88AT3K
64,88A93K
64,88A73K
64,88A63K
64,88A53K
64,88A43K
64,88A33K
64,88A23K
64,88KQ3K
64,88KJ3K
64,88KT3K
64,88K93K
64,88K73K
64,88K63K
64,88K53K
64,88K43K
64,88K33K
64,88K23K
64,88QJ3K
64,88QT3K
64,88Q93K
64,88Q73K
64,88Q63K
64,88Q53K
64,88Q43K
64,88Q33K
64,88Q23K
64,88JT3K
64,88J93K
64,88J73K
64,88J63K
64,88J53K
64,88J43K
64,88J33K
64,88J23K
64,88T93K
64,88T73K
64,88T63K
64,88T53K
64,88T43K
64,88T33K
64,88T23K
64,88973K
64,88963K
64,88953K
64,88943K
64,88933K
64,88923K
64,88763K
64,88753K
64,88743K
64,88733K
64,88723K
64,88653K
64,88643K
64,88633K
64,88623K
64,88543K
64,88533K
64,88523K
64,88433K
64,88423K
64,88323K
64,77AK3K
64,77AQ3K
64,77AJ3K
64,77AT3K
64,77A93K
64,77A83K
64,77A63K
64,77A53K
64,77A43K
64,77A33K
64,77A23K
64,77KQ3K
64,77KJ3K
64,77KT3K
64,77K93K
64,77K83K
64,77K63K
64,77K53K
64,77K43K
64,77K33K
64,77K23K
64,77QJ3K
64,77QT3K
64,77Q93K
64,77Q83K
64,77Q63K
64,77Q53K
64,77Q43K
64,77Q33K
64,77Q23K
64,77JT3K
64,77J93K
64,77J83K
64,77J63K
64,77J53K
64,77J43K
64,77J33K
64,77J23K
64,77T93K
64,77T83K
64,77T63K
64,77T53K
64,77T43K
64,77T33K
64,77T23K
64,77983K
64,77963K
64,77953K
64,77943K
64,77933K
64,77923K
64,77863K
64,77853K
64,77843K
64,77833K
64,77823K
64,77653K
64,77643K
64,77633K
64,77623K
64,77543K
64,77533K
64,77523K
64,77433K
64,77423K
64,77323K
64,66AK3K
64,66AQ3K
64,66AJ3K
64,66AT3K
64,66A93K
64,66A83K
64,66A73K
64,66A53K
64,66A43K
64,66A33K
64,66A23K
64,66KQ3K
64,66KJ3K
64,66KT3K
64,66K93K
64,66K83K
64,66K73K
64,66K53K
64,66K43K
64,66K33K
64,66K23K
64,66QJ3K
64,66QT3K
64,66Q93K
64,66Q83K
64,66Q73K
64,66Q53K
64,66Q43K
64,66Q33K
64,66Q23K
64,66JT3K
64,66J93K
64,66J83K
64,66J73K
64,66J53K
64,66J43K
64,66J33K
64,66J23K
64,66T93K
64,66T83K
64,66T73K
64,66T53K
64,66T43K
64,66T33K
64,66T23K
64,66983K
64,66973K
64,66953K
64,66943K
64,66933K
64,66923K
64,66873K
64,66853K
64,66843K
64,66833K
64,66823K
64,66753K
64,66743K
64,66733K
64,66723K
64,66543K
64,66533K
64,66523K
64,66433K
64,66423K
64,66323K
64,55AK3K
64,55AQ3K
64,55AJ3K
64,55AT3K
64,55A93K
64,55A83K
64,55A73K
64,55A63K
64,55A43K
64,55A33K
64,55A23K
64,55KQ3K
64,55KJ3K
64,55KT3K
64,55K93K
64,55K83K
64,55K73K
64,55K63K
64,55K43K
64,55K33K
64,55K23K
64,55QJ3K
64,55QT3K
64,55Q93K
64,55Q83K
64,55Q73K
64,55Q63K
64,55Q43K
64,55Q33K
64,55Q23K
64,55JT3K
64,55J93K
64,55J83K
64,55J73K
64,55J63K
64,55J43K
64,55J33K
64,55J23K
64,55T93K
64,55T83K
64,55T73K
64,55T63K
64,55T43K
64,55T33K
64,55T23K
64,55983K
64,55973K
64,55963K
64,55943K
64,55933K
64,55923K
64,55873K
64,55863K
64,55843K
64,55833K
64,55823K
64,55763K
64,55743K
64,55733K
64,55723K
64,55643K
64,55633K
64,55623K
64,55433K
64,55423K
64,55323K
64,44AK3K
64,44AQ3K
64,44AJ3K
64,44AT3K
64,44A93K
64,44A83K
64,44A73K
64,44A63K
64,44A53K
64,44A33K
64,44A23K
64,44KQ3K
64,44KJ3K
64,44KT3K
64,44K93K
64,44K83K
64,44K73K
64,44K63K
64,44K53K
64,44K33K
64,44K23K
64,44QJ3K
64,44QT3K
64,44Q93K
64,44Q83K
64,44Q73K
64,44Q63K
64,44Q53K
64,44Q33K
64,44Q23K
64,44JT3K
64,44J93K
64,44J83K
64,44J73K
64,44J63K
64,44J53K
64,44J33K
64,44J23K
64,44T93K
64,44T83K
64,44T73K
64,44T63K
64,44T53K
64,44T33K
64,44T23K
64,44983K
64,44973K
64,44963K
64,44953K
64,44933K
64,44923K
64,44873K
64,44863K
64,44853K
64,44833K
64,44823K
64,44763K
64,44753K
64,44733K
64,44723K
64,44653K
64,44633K
64,44623K
64,44533K
64,44523K
64,44323K
64,33AK3K
64,33AQ3K
64,33AJ3K
64,33AT3K
64,33A93K
64,33A83K
64,33A73K
64,33A63K
64,33A53K
64,33A43K
64,33A23K
64,33KQ3K
64,33KJ3K
64,33KT3K
64,33K93K
64,33K83K
64,33K73K
64,33K63K
64,33K53K
64,33K43K
64,33K23K
64,33QJ3K
64,33QT3K
64,33Q93K
64,33Q83K
64,33Q73K
64,33Q63K
64,33Q53K
64,33Q43K
64,33Q23K
64,33JT3K
64,33J93K
64,33J83K
64,33J73K
64,33J63K
64,33J53K
64,33J43K
64,33J23K
64,33T93K
64,33T83K
64,33T73K
64,33T63K
64,33T53K
64,33T43K
64,33T23K
64,33983K
64,33973K
64,33963K
64,33953K
64,33943K
64,33923K
64,33873K
64,33863K
64,33853K
64,33843K
64,33823K
64,33763K
64,33753K
64,33743K
64,33723K
64,33653K
64,33643K
64,33623K
64,33543K
64,33523K
64,33423K
64,22AK3K
64,22AQ3K
64,22AJ3K
64,22AT3K
64,22A93K
64,22A83K
64,22A73K
64,22A63K
64,22A53K
64,22A43K
64,22A33K
64,22KQ3K
64,22KJ3K
64,22KT3K
64,22K93K
64,22K83K
64,22K73K
64,22K63K
64,22K53K
64,22K43K
64,22K33K
64,22QJ3K
64,22QT3K
64,22Q93K
64,22Q83K
64,22Q73K
64,22Q63K
64,22Q53K
64,22Q43K
64,22Q33K
64,22JT3K
64,22J93K
64,22J83K
64,22J73K
64,22J63K
64,22J53K
64,22J43K
64,22J33K
64,22T93K
64,22T83K
64,22T73K
64,22T63K
64,22T53K
64,22T43K
64,22T33K
64,22983K
64,22973K
64,22963K
64,22953K
64,22943K
64,22933K
64,22873K
64,22863K
64,22853K
64,22843K
64,22833K
64,22763K
64,22753K
64,22743K
64,22733K
64,22653K
64,22643K
64,22633K
64,22543K
64,22533K
64,22433K
144,AKKQ2P
144,AKKJ2P
144,AKKT2P
144,AKK92P
144,AKK82P
144,AKK72P
144,AKK62P
144,AKK52P
144,AKK42P
144,AKK32P
144,AKK22P
144,AQQK2P
144,AQQJ2P
144,AQQT2P
144,AQQ92P
144,AQQ82P
144,AQQ72P
144,AQQ62P
144,AQQ52P
144,AQQ42P
144,AQQ32P
144,AQQ22P
144,AJJK2P
144,AJJQ2P
144,AJJT2P
144,AJJ92P
144,AJJ82P
144,AJJ72P
144,AJJ62P
144,AJJ52P
144,AJJ42P
144,AJJ32P
144,AJJ22P
144,ATTK2P
144,ATTQ2P
144,ATTJ2P
144,ATT92P
144,ATT82P
144,ATT72P
144,ATT62P
144,ATT52P
144,ATT42P
144,ATT32P
144,ATT22P
144,A99K2P
144,A99Q2P
144,A99J2P
144,A99T2P
144,A9982P
144,A9972P
144,A9962P
144,A9952P
144,A9942P
144,A9932P
144,A9922P
144,A88K2P
144,A88Q2P
144,A88J2P
144,A88T2P
144,A8892P
144,A8872P
144,A8862P
144,A8852P
144,A8842P
144,A8832P
144,A8822P
144,A77K2P
144,A77Q2P
144,A77J2P
144,A77T2P
144,A7792P
144,A7782P
144,A7762P
144,A7752P
144,A7742P
144,A7732P
144,A7722P
144,A66K2P
144,A66Q2P
144,A66J2P
144,A66T2P
144,A6692P
144,A6682P
144,A6672P
144,A6652P
144,A6642P
144,A6632P
144,A6622P
144,A55K2P
144,A55Q2P
144,A55J2P
144,A55T2P
144,A5592P
144,A5582P
144,A5572P
144,A5562P
144,A5542P
144,A5532P
144,A5522P
144,A44K2P
144,A44Q2P
144,A44J2P
144,A44T2P
144,A4492P
144,A4482P
144,A4472P
144,A4462P
144,A4452P
144,A4432P
144,A4422P
144,A33K2P
144,A33Q2P
144,A33J2P
144,A33T2P
144,A3392P
144,A3382P
144,A3372P
144,A3362P
144,A3352P
144,A3342P
144,A3322P
144,A22K2P
144,A22Q2P
144,A22J2P
144,A22T2P
144,A2292P
144,A2282P
144,A2272P
144,A2262P
144,A2252P
144,A2242P
144,A2232P
144,KQQA2P
144,KQQJ2P
144,KQQT2P
144,KQQ92P
144,KQQ82P
144,KQQ72P
144,KQQ62P
144,KQQ52P
144,KQQ42P
144,KQQ32P
144,KQQ22P
144,KJJA2P
144,KJJQ2P
144,KJJT2P
144,KJJ92P
144,KJJ82P
144,KJJ72P
144,KJJ62P
144,KJJ52P
144,KJJ42P
144,KJJ32P
144,KJJ22P
144,KTTA2P
144,KTTQ2P
144,KTTJ2P
144,KTT92P
144,KTT82P
144,KTT72P
144,KTT62P
144,KTT52P
144,KTT42P
144,KTT32P
144,KTT22P
144,K99A2P
144,K99Q2P
144,K99J2P
144,K99T2P
144,K9982P
144,K9972P
144,K9962P
144,K9952P
144,K9942P
144,K9932P
144,K9922P
144,K88A2P
144,K88Q2P
144,K88J2P
144,K88T2P
144,K8892P
144,K8872P
144,K8862P
144,K8852P
144,K8842P
144,K8832P
144,K8822P
144,K77A2P
144,K77Q2P
144,K77J2P
144,K77T2P
144,K7792P
144,K7782P
144,K7762P
144,K7752P
144,K7742P
144,K7732P
144,K7722P
144,K66A2P
144,K66Q2P
144,K66J2P
144,K66T2P
144,K6692P
144,K6682P
144,K6672P
144,K6652P
144,K6642P
144,K6632P
144,K6622P
144,K55A2P
144,K55Q2P
144,K55J2P
144,K55T2P
144,K5592P
144,K5582P
144,K5572P
144,K5562P
144,K5542P
144,K5532P
144,K5522P
144,K44A2P
144,K44Q2P
144,K44J2P
144,K44T2P
144,K4492P
144,K4482P
144,K4472P
144,K4462P
144,K4452P
144,K4432P
144,K4422P
144,K33A2P
144,K33Q2P
144,K33J2P
144,K33T2P
144,K3392P
144,K3382P
144,K3372P
144,K3362P
144,K3352P
144,K3342P
144,K3322P
144,K22A2P
144,K22Q2P
144,K22J2P
144,K22T2P
144,K2292P
144,K2282P
144,K2272P
144,K2262P
144,K2252P
144,K2242P
144,K2232P
144,QJJA2P
144,QJJK2P
144,QJJT2P
144,QJJ92P
144,QJJ82P
144,QJJ72P
144,QJJ62P
144,QJJ52P
144,QJJ42P
144,QJJ32P
144,QJJ22P
144,QTTA2P
144,QTTK2P
144,QTTJ2P
144,QTT92P
144,QTT82P
144,QTT72P
144,QTT62P
144,QTT52P
144,QTT42P
144,QTT32P
144,QTT22P
144,Q99A2P
144,Q99K2P
144,Q99J2P
144,Q99T2P
144,Q9982P
144,Q9972P
144,Q9962P
144,Q9952P
144,Q9942P
144,Q9932P
144,Q9922P
144,Q88A2P
144,Q88K2P
144,Q88J2P
144,Q88T2P
144,Q8892P
144,Q8872P
144,Q8862P
144,Q8852P
144,Q8842P
144,Q8832P
144,Q8822P
144,Q77A2P
144,Q77K2P
144,Q77J2P
144,Q77T2P
144,Q7792P
144,Q7782P
144,Q7762P
144,Q7752P
144,Q7742P
144,Q7732P
144,Q7722P
144,Q66A2P
144,Q66K2P
144,Q66J2P
144,Q66T2P
144,Q6692P
144,Q6682P
144,Q6672P
144,Q6652P
144,Q6642P
144,Q6632P
144,Q6622P
144,Q55A2P
144,Q55K2P
144,Q55J2P
144,Q55T2P
144,Q5592P
144,Q5582P
144,Q5572P
144,Q5562P
144,Q5542P
144,Q5532P
144,Q5522P
144,Q44A2P
144,Q44K2P
144,Q44J2P
144,Q44T2P
144,Q4492P
144,Q4482P
144,Q4472P
144,Q4462P
144,Q4452P
144,Q4432P
144,Q4422P
144,Q33A2P
144,Q33K2P
144,Q33J2P
144,Q33T2P
144,Q3392P
144,Q3382P
144,Q3372P
144,Q3362P
144,Q3352P
144,Q3342P
144,Q3322P
144,Q22A2P
144,Q22K2P
144,Q22J2P
144,Q22T2P
144,Q2292P
144,Q2282P
144,Q2272P
144,Q2262P
144,Q2252P
144,Q2242P
144,Q2232P
144,JTTA2P
144,JTTK2P
144,JTTQ2P
144,JTT92P
144,JTT82P
144,JTT72P
144,JTT62P
144,JTT52P
144,JTT42P
144,JTT32P
144,JTT22P
144,J99A2P
144,J99K2P
144,J99Q2P
144,J99T2P
144,J9982P
144,J9972P
144,J9962P
144,J9952P
144,J9942P
144,J9932P
144,J9922P
144,J88A2P
144,J88K2P
144,J88Q2P
144,J88T2P
144,J8892P
144,J8872P
144,J8862P
144,J8852P
144,J8842P
144,J8832P
144,J8822P
144,J77A2P
144,J77K2P
144,J77Q2P
144,J77T2P
144,J7792P
144,J7782P
144,J7762P
144,J7752P
144,J7742P
144,J7732P
144,J7722P
144,J66A2P
144,J66K2P
144,J66Q2P
144,J66T2P
144,J6692P
144,J6682P
144,J6672P
144,J6652P
144,J6642P
144,J6632P
144,J6622P
144,J55A2P
144,J55K2P
144,J55Q2P
144,J55T2P
144,J5592P
144,J5582P
144,J5572P
144,J5562P
144,J5542P
144,J5532P
144,J5522P
144,J44A2P
144,J44K2P
144,J44Q2P
144,J44T2P
144,J4492P
144,J4482P
144,J4472P
144,J4462P
144,J4452P
144,J4432P
144,J4422P
144,J33A2P
144,J33K2P
144,J33Q2P
144,J33T2P
144,J3392P
144,J3382P
144,J3372P
144,J3362P
144,J3352P
144,J3342P
144,J3322P
144,J22A2P
144,J22K2P
144,J22Q2P
144,J22T2P
144,J2292P
144,J2282P
144,J2272P
144,J2262P
144,J2252P
144,J2242P
144,J2232P
144,T99A2P
144,T99K2P
144,T99Q2P
144,T99J2P
144,T9982P
144,T9972P
144,T9962P
144,T9952P
144,T9942P
144,T9932P
144,T9922P
144,T88A2P
144,T88K2P
144,T88Q2P
144,T88J2P
144,T8892P
144,T8872P
144,T8862P
144,T8852P
144,T8842P
144,T8832P
144,T8822P
144,T77A2P
144,T77K2P
144,T77Q2P
144,T77J2P
144,T7792P
144,T7782P
144,T7762P
144,T7752P
144,T7742P
144,T7732P
144,T7722P
144,T66A2P
144,T66K2P
144,T66Q2P
144,T66J2P
144,T6692P
144,T6682P
144,T6672P
144,T6652P
144,T6642P
144,T6632P
144,T6622P
144,T55A2P
144,T55K2P
144,T55Q2P
144,T55J2P
144,T5592P
144,T5582P
144,T5572P
144,T5562P
144,T5542P
144,T5532P
144,T5522P
144,T44A2P
144,T44K2P
144,T44Q2P
144,T44J2P
144,T4492P
144,T4482P
144,T4472P
144,T4462P
144,T4452P
144,T4432P
144,T4422P
144,T33A2P
144,T33K2P
144,T33Q2P
144,T33J2P
144,T3392P
144,T3382P
144,T3372P
144,T3362P
144,T3352P
144,T3342P
144,T3322P
144,T22A2P
144,T22K2P
144,T22Q2P
144,T22J2P
144,T2292P
144,T2282P
144,T2272P
144,T2262P
144,T2252P
144,T2242P
144,T2232P
144,988A2P
144,988K2P
144,988Q2P
144,988J2P
144,988T2P
144,98872P
144,98862P
144,98852P
144,98842P
144,98832P
144,98822P
144,977A2P
144,977K2P
144,977Q2P
144,977J2P
144,977T2P
144,97782P
144,97762P
144,97752P
144,97742P
144,97732P
144,97722P
144,966A2P
144,966K2P
144,966Q2P
144,966J2P
144,966T2P
144,96682P
144,96672P
144,96652P
144,96642P
144,96632P
144,96622P
144,955A2P
144,955K2P
144,955Q2P
144,955J2P
144,955T2P
144,95582P
144,95572P
144,95562P
144,95542P
144,95532P
144,95522P
144,944A2P
144,944K2P
144,944Q2P
144,944J2P
144,944T2P
144,94482P
144,94472P
144,94462P
144,94452P
144,94432P
144,94422P
144,933A2P
144,933K2P
144,933Q2P
144,933J2P
144,933T2P
144,93382P
144,93372P
144,93362P
144,93352P
144,93342P
144,93322P
144,922A2P
144,922K2P
144,922Q2P
144,922J2P
144,922T2P
144,92282P
144,92272P
144,92262P
144,92252P
144,92242P
144,92232P
144,877A2P
144,877K2P
144,877Q2P
144,877J2P
144,877T2P
144,87792P
144,87762P
144,87752P
144,87742P
144,87732P
144,87722P
144,866A2P
144,866K2P
144,866Q2P
144,866J2P
144,866T2P
144,86692P
144,86672P
144,86652P
144,86642P
144,86632P
144,86622P
144,855A2P
144,855K2P
144,855Q2P
144,855J2P
144,855T2P
144,85592P
144,85572P
144,85562P
144,85542P
144,85532P
144,85522P
144,844A2P
144,844K2P
144,844Q2P
144,844J2P
144,844T2P
144,84492P
144,84472P
144,84462P
144,84452P
144,84432P
144,84422P
144,833A2P
144,833K2P
144,833Q2P
144,833J2P
144,833T2P
144,83392P
144,83372P
144,83362P
144,83352P
144,83342P
144,83322P
144,822A2P
144,822K2P
144,822Q2P
144,822J2P
144,822T2P
144,82292P
144,82272P
144,82262P
144,82252P
144,82242P
144,82232P
144,766A2P
144,766K2P
144,766Q2P
144,766J2P
144,766T2P
144,76692P
144,76682P
144,76652P
144,76642P
144,76632P
144,76622P
144,755A2P
144,755K2P
144,755Q2P
144,755J2P
144,755T2P
144,75592P
144,75582P
144,75562P
144,75542P
144,75532P
144,75522P
144,744A2P
144,744K2P
144,744Q2P
144,744J2P
144,744T2P
144,74492P
144,74482P
144,74462P
144,74452P
144,74432P
144,74422P
144,733A2P
144,733K2P
144,733Q2P
144,733J2P
144,733T2P
144,73392P
144,73382P
144,73362P
144,73352P
144,73342P
144,73322P
144,722A2P
144,722K2P
144,722Q2P
144,722J2P
144,722T2P
144,72292P
144,72282P
144,72262P
144,72252P
144,72242P
144,72232P
144,655A2P
144,655K2P
144,655Q2P
144,655J2P
144,655T2P
144,65592P
144,65582P
144,65572P
144,65542P
144,65532P
144,65522P
144,644A2P
144,644K2P
144,644Q2P
144,644J2P
144,644T2P
144,64492P
144,64482P
144,64472P
144,64452P
144,64432P
144,64422P
144,633A2P
144,633K2P
144,633Q2P
144,633J2P
144,633T2P
144,63392P
144,63382P
144,63372P
144,63352P
144,63342P
144,63322P
144,622A2P
144,622K2P
144,622Q2P
144,622J2P
144,622T2P
144,62292P
144,62282P
144,62272P
144,62252P
144,62242P
144,62232P
144,544A2P
144,544K2P
144,544Q2P
144,544J2P
144,544T2P
144,54492P
144,54482P
144,54472P
144,54462P
144,54432P
144,54422P
144,533A2P
144,533K2P
144,533Q2P
144,533J2P
144,533T2P
144,53392P
144,53382P
144,53372P
144,53362P
144,53342P
144,53322P
144,522A2P
144,522K2P
144,522Q2P
144,522J2P
144,522T2P
144,52292P
144,52282P
144,52272P
144,52262P
144,52242P
144,52232P
144,433A2P
144,433K2P
144,433Q2P
144,433J2P
144,433T2P
144,43392P
144,43382P
144,43372P
144,43362P
144,43352P
144,43322P
144,422A2P
144,422K2P
144,422Q2P
144,422J2P
144,422T2P
144,42292P
144,42282P
144,42272P
144,42262P
144,42252P
144,42232P
144,322A2P
144,322K2P
144,322Q2P
144,322J2P
144,322T2P
144,32292P
144,32282P
144,32272P
144,32262P
144,32252P
144,32242P
384,AKQJ1P
384,AKQT1P
384,AKQ91P
384,AKQ81P
384,AKQ71P
384,AKQ61P
384,AKQ51P
384,AKQ41P
384,AKQ31P
384,AKQ21P
384,AKJT1P
384,AKJ91P
384,AKJ81P
384,AKJ71P
384,AKJ61P
384,AKJ51P
384,AKJ41P
384,AKJ31P
384,AKJ21P
384,AKT91P
384,AKT81P
384,AKT71P
384,AKT61P
384,AKT51P
384,AKT41P
384,AKT31P
384,AKT21P
384,AK981P
384,AK971P
384,AK961P
384,AK951P
384,AK941P
384,AK931P
384,AK921P
384,AK871P
384,AK861P
384,AK851P
384,AK841P
384,AK831P
384,AK821P
384,AK761P
384,AK751P
384,AK741P
384,AK731P
384,AK721P
384,AK651P
384,AK641P
384,AK631P
384,AK621P
384,AK541P
384,AK531P
384,AK521P
384,AK431P
384,AK421P
384,AK321P
384,AQJT1P
384,AQJ91P
384,AQJ81P
384,AQJ71P
384,AQJ61P
384,AQJ51P
384,AQJ41P
384,AQJ31P
384,AQJ21P
384,AQT91P
384,AQT81P
384,AQT71P
384,AQT61P
384,AQT51P
384,AQT41P
384,AQT31P
384,AQT21P
384,AQ981P
384,AQ971P
384,AQ961P
384,AQ951P
384,AQ941P
384,AQ931P
384,AQ921P
384,AQ871P
384,AQ861P
384,AQ851P
384,AQ841P
384,AQ831P
384,AQ821P
384,AQ761P
384,AQ751P
384,AQ741P
384,AQ731P
384,AQ721P
384,AQ651P
384,AQ641P
384,AQ631P
384,AQ621P
384,AQ541P
384,AQ531P
384,AQ521P
384,AQ431P
384,AQ421P
384,AQ321P
384,AJT91P
384,AJT81P
384,AJT71P
384,AJT61P
384,AJT51P
384,AJT41P
384,AJT31P
384,AJT21P
384,AJ981P
384,AJ971P
384,AJ961P
384,AJ951P
384,AJ941P
384,AJ931P
384,AJ921P
384,AJ871P
384,AJ861P
384,AJ851P
384,AJ841P
384,AJ831P
384,AJ821P
384,AJ761P
384,AJ751P
384,AJ741P
384,AJ731P
384,AJ721P
384,AJ651P
384,AJ641P
384,AJ631P
384,AJ621P
384,AJ541P
384,AJ531P
384,AJ521P
384,AJ431P
384,AJ421P
384,AJ321P
384,AT981P
384,AT971P
384,AT961P
384,AT951P
384,AT941P
384,AT931P
384,AT921P
384,AT871P
384,AT861P
384,AT851P
384,AT841P
384,AT831P
384,AT821P
384,AT761P
384,AT751P
384,AT741P
384,AT731P
384,AT721P
384,AT651P
384,AT641P
384,AT631P
384,AT621P
384,AT541P
384,AT531P
384,AT521P
384,AT431P
384,AT421P
384,AT321P
384,A9871P
384,A9861P
384,A9851P
384,A9841P
384,A9831P
384,A9821P
384,A9761P
384,A9751P
384,A9741P
384,A9731P
384,A9721P
384,A9651P
384,A9641P
384,A9631P
384,A9621P
384,A9541P
384,A9531P
384,A9521P
384,A9431P
384,A9421P
384,A9321P
384,A8761P
384,A8751P
384,A8741P
384,A8731P
384,A8721P
384,A8651P
384,A8641P
384,A8631P
384,A8621P
384,A8541P
384,A8531P
384,A8521P
384,A8431P
384,A8421P
384,A8321P
384,A7651P
384,A7641P
384,A7631P
384,A7621P
384,A7541P
384,A7531P
384,A7521P
384,A7431P
384,A7421P
384,A7321P
384,A6541P
384,A6531P
384,A6521P
384,A6431P
384,A6421P
384,A6321P
384,A5431P
384,A5421P
384,A5321P
384,A4321P
384,KAQJ1P
384,KAQT1P
384,KAQ91P
384,KAQ81P
384,KAQ71P
384,KAQ61P
384,KAQ51P
384,KAQ41P
384,KAQ31P
384,KAQ21P
384,KAJT1P
384,KAJ91P
384,KAJ81P
384,KAJ71P
384,KAJ61P
384,KAJ51P
384,KAJ41P
384,KAJ31P
384,KAJ21P
384,KAT91P
384,KAT81P
384,KAT71P
384,KAT61P
384,KAT51P
384,KAT41P
384,KAT31P
384,KAT21P
384,KA981P
384,KA971P
384,KA961P
384,KA951P
384,KA941P
384,KA931P
384,KA921P
384,KA871P
384,KA861P
384,KA851P
384,KA841P
384,KA831P
384,KA821P
384,KA761P
384,KA751P
384,KA741P
384,KA731P
384,KA721P
384,KA651P
384,KA641P
384,KA631P
384,KA621P
384,KA541P
384,KA531P
384,KA521P
384,KA431P
384,KA421P
384,KA321P
384,KQJT1P
384,KQJ91P
384,KQJ81P
384,KQJ71P
384,KQJ61P
384,KQJ51P
384,KQJ41P
384,KQJ31P
384,KQJ21P
384,KQT91P
384,KQT81P
384,KQT71P
384,KQT61P
384,KQT51P
384,KQT41P
384,KQT31P
384,KQT21P
384,KQ981P
384,KQ971P
384,KQ961P
384,KQ951P
384,KQ941P
384,KQ931P
384,KQ921P
384,KQ871P
384,KQ861P
384,KQ851P
384,KQ841P
384,KQ831P
384,KQ821P
384,KQ761P
384,KQ751P
384,KQ741P
384,KQ731P
384,KQ721P
384,KQ651P
384,KQ641P
384,KQ631P
384,KQ621P
384,KQ541P
384,KQ531P
384,KQ521P
384,KQ431P
384,KQ421P
384,KQ321P
384,KJT91P
384,KJT81P
384,KJT71P
384,KJT61P
384,KJT51P
384,KJT41P
384,KJT31P
384,KJT21P
384,KJ981P
384,KJ971P
384,KJ961P
384,KJ951P
384,KJ941P
384,KJ931P
384,KJ921P
384,KJ871P
384,KJ861P
384,KJ851P
384,KJ841P
384,KJ831P
384,KJ821P
384,KJ761P
384,KJ751P
384,KJ741P
384,KJ731P
384,KJ721P
384,KJ651P
384,KJ641P
384,KJ631P
384,KJ621P
384,KJ541P
384,KJ531P
384,KJ521P
384,KJ431P
384,KJ421P
384,KJ321P
384,KT981P
384,KT971P
384,KT961P
384,KT951P
384,KT941P
384,KT931P
384,KT921P
384,KT871P
384,KT861P
384,KT851P
384,KT841P
384,KT831P
384,KT821P
384,KT761P
384,KT751P
384,KT741P
384,KT731P
384,KT721P
384,KT651P
384,KT641P
384,KT631P
384,KT621P
384,KT541P
384,KT531P
384,KT521P
384,KT431P
384,KT421P
384,KT321P
384,K9871P
384,K9861P
384,K9851P
384,K9841P
384,K9831P
384,K9821P
384,K9761P
384,K9751P
384,K9741P
384,K9731P
384,K9721P
384,K9651P
384,K9641P
384,K9631P
384,K9621P
384,K9541P
384,K9531P
384,K9521P
384,K9431P
384,K9421P
384,K9321P
384,K8761P
384,K8751P
384,K8741P
384,K8731P
384,K8721P
384,K8651P
384,K8641P
384,K8631P
384,K8621P
384,K8541P
384,K8531P
384,K8521P
384,K8431P
384,K8421P
384,K8321P
384,K7651P
384,K7641P
384,K7631P
384,K7621P
384,K7541P
384,K7531P
384,K7521P
384,K7431P
384,K7421P
384,K7321P
384,K6541P
384,K6531P
384,K6521P
384,K6431P
384,K6421P
384,K6321P
384,K5431P
384,K5421P
384,K5321P
384,K4321P
384,QAKJ1P
384,QAKT1P
384,QAK91P
384,QAK81P
384,QAK71P
384,QAK61P
384,QAK51P
384,QAK41P
384,QAK31P
384,QAK21P
384,QAJT1P
384,QAJ91P
384,QAJ81P
384,QAJ71P
384,QAJ61P
384,QAJ51P
384,QAJ41P
384,QAJ31P
384,QAJ21P
384,QAT91P
384,QAT81P
384,QAT71P
384,QAT61P
384,QAT51P
384,QAT41P
384,QAT31P
384,QAT21P
384,QA981P
384,QA971P
384,QA961P
384,QA951P
384,QA941P
384,QA931P
384,QA921P
384,QA871P
384,QA861P
384,QA851P
384,QA841P
384,QA831P
384,QA821P
384,QA761P
384,QA751P
384,QA741P
384,QA731P
384,QA721P
384,QA651P
384,QA641P
384,QA631P
384,QA621P
384,QA541P
384,QA531P
384,QA521P
384,QA431P
384,QA421P
384,QA321P
384,QKJT1P
384,QKJ91P
384,QKJ81P
384,QKJ71P
384,QKJ61P
384,QKJ51P
384,QKJ41P
384,QKJ31P
384,QKJ21P
384,QKT91P
384,QKT81P
384,QKT71P
384,QKT61P
384,QKT51P
384,QKT41P
384,QKT31P
384,QKT21P
384,QK981P
384,QK971P
384,QK961P
384,QK951P
384,QK941P
384,QK931P
384,QK921P
384,QK871P
384,QK861P
384,QK851P
384,QK841P
384,QK831P
384,QK821P
384,QK761P
384,QK751P
384,QK741P
384,QK731P
384,QK721P
384,QK651P
384,QK641P
384,QK631P
384,QK621P
384,QK541P
384,QK531P
384,QK521P
384,QK431P
384,QK421P
384,QK321P
384,QJT91P
384,QJT81P
384,QJT71P
384,QJT61P
384,QJT51P
384,QJT41P
384,QJT31P
384,QJT21P
384,QJ981P
384,QJ971P
384,QJ961P
384,QJ951P
384,QJ941P
384,QJ931P
384,QJ921P
384,QJ871P
384,QJ861P
384,QJ851P
384,QJ841P
384,QJ831P
384,QJ821P
384,QJ761P
384,QJ751P
384,QJ741P
384,QJ731P
384,QJ721P
384,QJ651P
384,QJ641P
384,QJ631P
384,QJ621P
384,QJ541P
384,QJ531P
384,QJ521P
384,QJ431P
384,QJ421P
384,QJ321P
384,QT981P
384,QT971P
384,QT961P
384,QT951P
384,QT941P
384,QT931P
384,QT921P
384,QT871P
384,QT861P
384,QT851P
384,QT841P
384,QT831P
384,QT821P
384,QT761P
384,QT751P
384,QT741P
384,QT731P
384,QT721P
384,QT651P
384,QT641P
384,QT631P
384,QT621P
384,QT541P
384,QT531P
384,QT521P
384,QT431P
384,QT421P
384,QT321P
384,Q9871P
384,Q9861P
384,Q9851P
384,Q9841P
384,Q9831P
384,Q9821P
384,Q9761P
384,Q9751P
384,Q9741P
384,Q9731P
384,Q9721P
384,Q9651P
384,Q9641P
384,Q9631P
384,Q9621P
384,Q9541P
384,Q9531P
384,Q9521P
384,Q9431P
384,Q9421P
384,Q9321P
384,Q8761P
384,Q8751P
384,Q8741P
384,Q8731P
384,Q8721P
384,Q8651P
384,Q8641P
384,Q8631P
384,Q8621P
384,Q8541P
384,Q8531P
384,Q8521P
384,Q8431P
384,Q8421P
384,Q8321P
384,Q7651P
384,Q7641P
384,Q7631P
384,Q7621P
384,Q7541P
384,Q7531P
384,Q7521P
384,Q7431P
384,Q7421P
384,Q7321P
384,Q6541P
384,Q6531P
384,Q6521P
384,Q6431P
384,Q6421P
384,Q6321P
384,Q5431P
384,Q5421P
384,Q5321P
384,Q4321P
384,JAKQ1P
384,JAKT1P
384,JAK91P
384,JAK81P
384,JAK71P
384,JAK61P
384,JAK51P
384,JAK41P
384,JAK31P
384,JAK21P
384,JAQT1P
384,JAQ91P
384,JAQ81P
384,JAQ71P
384,JAQ61P
384,JAQ51P
384,JAQ41P
384,JAQ31P
384,JAQ21P
384,JAT91P
384,JAT81P
384,JAT71P
384,JAT61P
384,JAT51P
384,JAT41P
384,JAT31P
384,JAT21P
384,JA981P
384,JA971P
384,JA961P
384,JA951P
384,JA941P
384,JA931P
384,JA921P
384,JA871P
384,JA861P
384,JA851P
384,JA841P
384,JA831P
384,JA821P
384,JA761P
384,JA751P
384,JA741P
384,JA731P
384,JA721P
384,JA651P
384,JA641P
384,JA631P
384,JA621P
384,JA541P
384,JA531P
384,JA521P
384,JA431P
384,JA421P
384,JA321P
384,JKQT1P
384,JKQ91P
384,JKQ81P
384,JKQ71P
384,JKQ61P
384,JKQ51P
384,JKQ41P
384,JKQ31P
384,JKQ21P
384,JKT91P
384,JKT81P
384,JKT71P
384,JKT61P
384,JKT51P
384,JKT41P
384,JKT31P
384,JKT21P
384,JK981P
384,JK971P
384,JK961P
384,JK951P
384,JK941P
384,JK931P
384,JK921P
384,JK871P
384,JK861P
384,JK851P
384,JK841P
384,JK831P
384,JK821P
384,JK761P
384,JK751P
384,JK741P
384,JK731P
384,JK721P
384,JK651P
384,JK641P
384,JK631P
384,JK621P
384,JK541P
384,JK531P
384,JK521P
384,JK431P
384,JK421P
384,JK321P
384,JQT91P
384,JQT81P
384,JQT71P
384,JQT61P
384,JQT51P
384,JQT41P
384,JQT31P
384,JQT21P
384,JQ981P
384,JQ971P
384,JQ961P
384,JQ951P
384,JQ941P
384,JQ931P
384,JQ921P
384,JQ871P
384,JQ861P
384,JQ851P
384,JQ841P
384,JQ831P
384,JQ821P
384,JQ761P
384,JQ751P
384,JQ741P
384,JQ731P
384,JQ721P
384,JQ651P
384,JQ641P
384,JQ631P
384,JQ621P
384,JQ541P
384,JQ531P
384,JQ521P
384,JQ431P
384,JQ421P
384,JQ321P
384,JT981P
384,JT971P
384,JT961P
384,JT951P
384,JT941P
384,JT931P
384,JT921P
384,JT871P
384,JT861P
384,JT851P
384,JT841P
384,JT831P
384,JT821P
384,JT761P
384,JT751P
384,JT741P
384,JT731P
384,JT721P
384,JT651P
384,JT641P
384,JT631P
384,JT621P
384,JT541P
384,JT531P
384,JT521P
384,JT431P
384,JT421P
384,JT321P
384,J9871P
384,J9861P
384,J9851P
384,J9841P
384,J9831P
384,J9821P
384,J9761P
384,J9751P
384,J9741P
384,J9731P
384,J9721P
384,J9651P
384,J9641P
384,J9631P
384,J9621P
384,J9541P
384,J9531P
384,J9521P
384,J9431P
384,J9421P
384,J9321P
384,J8761P
384,J8751P
384,J8741P
384,J8731P
384,J8721P
384,J8651P
384,J8641P
384,J8631P
384,J8621P
384,J8541P
384,J8531P
384,J8521P
384,J8431P
384,J8421P
384,J8321P
384,J7651P
384,J7641P
384,J7631P
384,J7621P
384,J7541P
384,J7531P
384,J7521P
384,J7431P
384,J7421P
384,J7321P
384,J6541P
384,J6531P
384,J6521P
384,J6431P
384,J6421P
384,J6321P
384,J5431P
384,J5421P
384,J5321P
384,J4321P
384,TAKQ1P
384,TAKJ1P
384,TAK91P
384,TAK81P
384,TAK71P
384,TAK61P
384,TAK51P
384,TAK41P
384,TAK31P
384,TAK21P
384,TAQJ1P
384,TAQ91P
384,TAQ81P
384,TAQ71P
384,TAQ61P
384,TAQ51P
384,TAQ41P
384,TAQ31P
384,TAQ21P
384,TAJ91P
384,TAJ81P
384,TAJ71P
384,TAJ61P
384,TAJ51P
384,TAJ41P
384,TAJ31P
384,TAJ21P
384,TA981P
384,TA971P
384,TA961P
384,TA951P
384,TA941P
384,TA931P
384,TA921P
384,TA871P
384,TA861P
384,TA851P
384,TA841P
384,TA831P
384,TA821P
384,TA761P
384,TA751P
384,TA741P
384,TA731P
384,TA721P
384,TA651P
384,TA641P
384,TA631P
384,TA621P
384,TA541P
384,TA531P
384,TA521P
384,TA431P
384,TA421P
384,TA321P
384,TKQJ1P
384,TKQ91P
384,TKQ81P
384,TKQ71P
384,TKQ61P
384,TKQ51P
384,TKQ41P
384,TKQ31P
384,TKQ21P
384,TKJ91P
384,TKJ81P
384,TKJ71P
384,TKJ61P
384,TKJ51P
384,TKJ41P
384,TKJ31P
384,TKJ21P
384,TK981P
384,TK971P
384,TK961P
384,TK951P
384,TK941P
384,TK931P
384,TK921P
384,TK871P
384,TK861P
384,TK851P
384,TK841P
384,TK831P
384,TK821P
384,TK761P
384,TK751P
384,TK741P
384,TK731P
384,TK721P
384,TK651P
384,TK641P
384,TK631P
384,TK621P
384,TK541P
384,TK531P
384,TK521P
384,TK431P
384,TK421P
384,TK321P
384,TQJ91P
384,TQJ81P
384,TQJ71P
384,TQJ61P
384,TQJ51P
384,TQJ41P
384,TQJ31P
384,TQJ21P
384,TQ981P
384,TQ971P
384,TQ961P
384,TQ951P
384,TQ941P
384,TQ931P
384,TQ921P
384,TQ871P
384,TQ861P
384,TQ851P
384,TQ841P
384,TQ831P
384,TQ821P
384,TQ761P
384,TQ751P
384,TQ741P
384,TQ731P
384,TQ721P
384,TQ651P
384,TQ641P
384,TQ631P
384,TQ621P
384,TQ541P
384,TQ531P
384,TQ521P
384,TQ431P
384,TQ421P
384,TQ321P
384,TJ981P
384,TJ971P
384,TJ961P
384,TJ951P
384,TJ941P
384,TJ931P
384,TJ921P
384,TJ871P
384,TJ861P
384,TJ851P
384,TJ841P
384,TJ831P
384,TJ821P
384,TJ761P
384,TJ751P
384,TJ741P
384,TJ731P
384,TJ721P
384,TJ651P
384,TJ641P
384,TJ631P
384,TJ621P
384,TJ541P
384,TJ531P
384,TJ521P
384,TJ431P
384,TJ421P
384,TJ321P
384,T9871P
384,T9861P
384,T9851P
384,T9841P
384,T9831P
384,T9821P
384,T9761P
384,T9751P
384,T9741P
384,T9731P
384,T9721P
384,T9651P
384,T9641P
384,T9631P
384,T9621P
384,T9541P
384,T9531P
384,T9521P
384,T9431P
384,T9421P
384,T9321P
384,T8761P
384,T8751P
384,T8741P
384,T8731P
384,T8721P
384,T8651P
384,T8641P
384,T8631P
384,T8621P
384,T8541P
384,T8531P
384,T8521P
384,T8431P
384,T8421P
384,T8321P
384,T7651P
384,T7641P
384,T7631P
384,T7621P
384,T7541P
384,T7531P
384,T7521P
384,T7431P
384,T7421P
384,T7321P
384,T6541P
384,T6531P
384,T6521P
384,T6431P
384,T6421P
384,T6321P
384,T5431P
384,T5421P
384,T5321P
384,T4321P
384,9AKQ1P
384,9AKJ1P
384,9AKT1P
384,9AK81P
384,9AK71P
384,9AK61P
384,9AK51P
384,9AK41P
384,9AK31P
384,9AK21P
384,9AQJ1P
384,9AQT1P
384,9AQ81P
384,9AQ71P
384,9AQ61P
384,9AQ51P
384,9AQ41P
384,9AQ31P
384,9AQ21P
384,9AJT1P
384,9AJ81P
384,9AJ71P
384,9AJ61P
384,9AJ51P
384,9AJ41P
384,9AJ31P
384,9AJ21P
384,9AT81P
384,9AT71P
384,9AT61P
384,9AT51P
384,9AT41P
384,9AT31P
384,9AT21P
384,9A871P
384,9A861P
384,9A851P
384,9A841P
384,9A831P
384,9A821P
384,9A761P
384,9A751P
384,9A741P
384,9A731P
384,9A721P
384,9A651P
384,9A641P
384,9A631P
384,9A621P
384,9A541P
384,9A531P
384,9A521P
384,9A431P
384,9A421P
384,9A321P
384,9KQJ1P
384,9KQT1P
384,9KQ81P
384,9KQ71P
384,9KQ61P
384,9KQ51P
384,9KQ41P
384,9KQ31P
384,9KQ21P
384,9KJT1P
384,9KJ81P
384,9KJ71P
384,9KJ61P
384,9KJ51P
384,9KJ41P
384,9KJ31P
384,9KJ21P
384,9KT81P
384,9KT71P
384,9KT61P
384,9KT51P
384,9KT41P
384,9KT31P
384,9KT21P
384,9K871P
384,9K861P
384,9K851P
384,9K841P
384,9K831P
384,9K821P
384,9K761P
384,9K751P
384,9K741P
384,9K731P
384,9K721P
384,9K651P
384,9K641P
384,9K631P
384,9K621P
384,9K541P
384,9K531P
384,9K521P
384,9K431P
384,9K421P
384,9K321P
384,9QJT1P
384,9QJ81P
384,9QJ71P
384,9QJ61P
384,9QJ51P
384,9QJ41P
384,9QJ31P
384,9QJ21P
384,9QT81P
384,9QT71P
384,9QT61P
384,9QT51P
384,9QT41P
384,9QT31P
384,9QT21P
384,9Q871P
384,9Q861P
384,9Q851P
384,9Q841P
384,9Q831P
384,9Q821P
384,9Q761P
384,9Q751P
384,9Q741P
384,9Q731P
384,9Q721P
384,9Q651P
384,9Q641P
384,9Q631P
384,9Q621P
384,9Q541P
384,9Q531P
384,9Q521P
384,9Q431P
384,9Q421P
384,9Q321P
384,9JT81P
384,9JT71P
384,9JT61P
384,9JT51P
384,9JT41P
384,9JT31P
384,9JT21P
384,9J871P
384,9J861P
384,9J851P
384,9J841P
384,9J831P
384,9J821P
384,9J761P
384,9J751P
384,9J741P
384,9J731P
384,9J721P
384,9J651P
384,9J641P
384,9J631P
384,9J621P
384,9J541P
384,9J531P
384,9J521P
384,9J431P
384,9J421P
384,9J321P
384,9T871P
384,9T861P
384,9T851P
384,9T841P
384,9T831P
384,9T821P
384,9T761P
384,9T751P
384,9T741P
384,9T731P
384,9T721P
384,9T651P
384,9T641P
384,9T631P
384,9T621P
384,9T541P
384,9T531P
384,9T521P
384,9T431P
384,9T421P
384,9T321P
384,98761P
384,98751P
384,98741P
384,98731P
384,98721P
384,98651P
384,98641P
384,98631P
384,98621P
384,98541P
384,98531P
384,98521P
384,98431P
384,98421P
384,98321P
384,97651P
384,97641P
384,97631P
384,97621P
384,97541P
384,97531P
384,97521P
384,97431P
384,97421P
384,97321P
384,96541P
384,96531P
384,96521P
384,96431P
384,96421P
384,96321P
384,95431P
384,95421P
384,95321P
384,94321P
384,8AKQ1P
384,8AKJ1P
384,8AKT1P
384,8AK91P
384,8AK71P
384,8AK61P
384,8AK51P
384,8AK41P
384,8AK31P
384,8AK21P
384,8AQJ1P
384,8AQT1P
384,8AQ91P
384,8AQ71P
384,8AQ61P
384,8AQ51P
384,8AQ41P
384,8AQ31P
384,8AQ21P
384,8AJT1P
384,8AJ91P
384,8AJ71P
384,8AJ61P
384,8AJ51P
384,8AJ41P
384,8AJ31P
384,8AJ21P
384,8AT91P
384,8AT71P
384,8AT61P
384,8AT51P
384,8AT41P
384,8AT31P
384,8AT21P
384,8A971P
384,8A961P
384,8A951P
384,8A941P
384,8A931P
384,8A921P
384,8A761P
384,8A751P
384,8A741P
384,8A731P
384,8A721P
384,8A651P
384,8A641P
384,8A631P
384,8A621P
384,8A541P
384,8A531P
384,8A521P
384,8A431P
384,8A421P
384,8A321P
384,8KQJ1P
384,8KQT1P
384,8KQ91P
384,8KQ71P
384,8KQ61P
384,8KQ51P
384,8KQ41P
384,8KQ31P
384,8KQ21P
384,8KJT1P
384,8KJ91P
384,8KJ71P
384,8KJ61P
384,8KJ51P
384,8KJ41P
384,8KJ31P
384,8KJ21P
384,8KT91P
384,8KT71P
384,8KT61P
384,8KT51P
384,8KT41P
384,8KT31P
384,8KT21P
384,8K971P
384,8K961P
384,8K951P
384,8K941P
384,8K931P
384,8K921P
384,8K761P
384,8K751P
384,8K741P
384,8K731P
384,8K721P
384,8K651P
384,8K641P
384,8K631P
384,8K621P
384,8K541P
384,8K531P
384,8K521P
384,8K431P
384,8K421P
384,8K321P
384,8QJT1P
384,8QJ91P
384,8QJ71P
384,8QJ61P
384,8QJ51P
384,8QJ41P
384,8QJ31P
384,8QJ21P
384,8QT91P
384,8QT71P
384,8QT61P
384,8QT51P
384,8QT41P
384,8QT31P
384,8QT21P
384,8Q971P
384,8Q961P
384,8Q951P
384,8Q941P
384,8Q931P
384,8Q921P
384,8Q761P
384,8Q751P
384,8Q741P
384,8Q731P
384,8Q721P
384,8Q651P
384,8Q641P
384,8Q631P
384,8Q621P
384,8Q541P
384,8Q531P
384,8Q521P
384,8Q431P
384,8Q421P
384,8Q321P
384,8JT91P
384,8JT71P
384,8JT61P
384,8JT51P
384,8JT41P
384,8JT31P
384,8JT21P
384,8J971P
384,8J961P
384,8J951P
384,8J941P
384,8J931P
384,8J921P
384,8J761P
384,8J751P
384,8J741P
384,8J731P
384,8J721P
384,8J651P
384,8J641P
384,8J631P
384,8J621P
384,8J541P
384,8J531P
384,8J521P
384,8J431P
384,8J421P
384,8J321P
384,8T971P
384,8T961P
384,8T951P
384,8T941P
384,8T931P
384,8T921P
384,8T761P
384,8T751P
384,8T741P
384,8T731P
384,8T721P
384,8T651P
384,8T641P
384,8T631P
384,8T621P
384,8T541P
384,8T531P
384,8T521P
384,8T431P
384,8T421P
384,8T321P
384,89761P
384,89751P
384,89741P
384,89731P
384,89721P
384,89651P
384,89641P
384,89631P
384,89621P
384,89541P
384,89531P
384,89521P
384,89431P
384,89421P
384,89321P
384,87651P
384,87641P
384,87631P
384,87621P
384,87541P
384,87531P
384,87521P
384,87431P
384,87421P
384,87321P
384,86541P
384,86531P
384,86521P
384,86431P
384,86421P
384,86321P
384,85431P
384,85421P
384,85321P
384,84321P
384,7AKQ1P
384,7AKJ1P
384,7AKT1P
384,7AK91P
384,7AK81P
384,7AK61P
384,7AK51P
384,7AK41P
384,7AK31P
384,7AK21P
384,7AQJ1P
384,7AQT1P
384,7AQ91P
384,7AQ81P
384,7AQ61P
384,7AQ51P
384,7AQ41P
384,7AQ31P
384,7AQ21P
384,7AJT1P
384,7AJ91P
384,7AJ81P
384,7AJ61P
384,7AJ51P
384,7AJ41P
384,7AJ31P
384,7AJ21P
384,7AT91P
384,7AT81P
384,7AT61P
384,7AT51P
384,7AT41P
384,7AT31P
384,7AT21P
384,7A981P
384,7A961P
384,7A951P
384,7A941P
384,7A931P
384,7A921P
384,7A861P
384,7A851P
384,7A841P
384,7A831P
384,7A821P
384,7A651P
384,7A641P
384,7A631P
384,7A621P
384,7A541P
384,7A531P
384,7A521P
384,7A431P
384,7A421P
384,7A321P
384,7KQJ1P
384,7KQT1P
384,7KQ91P
384,7KQ81P
384,7KQ61P
384,7KQ51P
384,7KQ41P
384,7KQ31P
384,7KQ21P
384,7KJT1P
384,7KJ91P
384,7KJ81P
384,7KJ61P
384,7KJ51P
384,7KJ41P
384,7KJ31P
384,7KJ21P
384,7KT91P
384,7KT81P
384,7KT61P
384,7KT51P
384,7KT41P
384,7KT31P
384,7KT21P
384,7K981P
384,7K961P
384,7K951P
384,7K941P
384,7K931P
384,7K921P
384,7K861P
384,7K851P
384,7K841P
384,7K831P
384,7K821P
384,7K651P
384,7K641P
384,7K631P
384,7K621P
384,7K541P
384,7K531P
384,7K521P
384,7K431P
384,7K421P
384,7K321P
384,7QJT1P
384,7QJ91P
384,7QJ81P
384,7QJ61P
384,7QJ51P
384,7QJ41P
384,7QJ31P
384,7QJ21P
384,7QT91P
384,7QT81P
384,7QT61P
384,7QT51P
384,7QT41P
384,7QT31P
384,7QT21P
384,7Q981P
384,7Q961P
384,7Q951P
384,7Q941P
384,7Q931P
384,7Q921P
384,7Q861P
384,7Q851P
384,7Q841P
384,7Q831P
384,7Q821P
384,7Q651P
384,7Q641P
384,7Q631P
384,7Q621P
384,7Q541P
384,7Q531P
384,7Q521P
384,7Q431P
384,7Q421P
384,7Q321P
384,7JT91P
384,7JT81P
384,7JT61P
384,7JT51P
384,7JT41P
384,7JT31P
384,7JT21P
384,7J981P
384,7J961P
384,7J951P
384,7J941P
384,7J931P
384,7J921P
384,7J861P
384,7J851P
384,7J841P
384,7J831P
384,7J821P
384,7J651P
384,7J641P
384,7J631P
384,7J621P
384,7J541P
384,7J531P
384,7J521P
384,7J431P
384,7J421P
384,7J321P
384,7T981P
384,7T961P
384,7T951P
384,7T941P
384,7T931P
384,7T921P
384,7T861P
384,7T851P
384,7T841P
384,7T831P
384,7T821P
384,7T651P
384,7T641P
384,7T631P
384,7T621P
384,7T541P
384,7T531P
384,7T521P
384,7T431P
384,7T421P
384,7T321P
384,79861P
384,79851P
384,79841P
384,79831P
384,79821P
384,79651P
384,79641P
384,79631P
384,79621P
384,79541P
384,79531P
384,79521P
384,79431P
384,79421P
384,79321P
384,78651P
384,78641P
384,78631P
384,78621P
384,78541P
384,78531P
384,78521P
384,78431P
384,78421P
384,78321P
384,76541P
384,76531P
384,76521P
384,76431P
384,76421P
384,76321P
384,75431P
384,75421P
384,75321P
384,74321P
384,6AKQ1P
384,6AKJ1P
384,6AKT1P
384,6AK91P
384,6AK81P
384,6AK71P
384,6AK51P
384,6AK41P
384,6AK31P
384,6AK21P
384,6AQJ1P
384,6AQT1P
384,6AQ91P
384,6AQ81P
384,6AQ71P
384,6AQ51P
384,6AQ41P
384,6AQ31P
384,6AQ21P
384,6AJT1P
384,6AJ91P
384,6AJ81P
384,6AJ71P
384,6AJ51P
384,6AJ41P
384,6AJ31P
384,6AJ21P
384,6AT91P
384,6AT81P
384,6AT71P
384,6AT51P
384,6AT41P
384,6AT31P
384,6AT21P
384,6A981P
384,6A971P
384,6A951P
384,6A941P
384,6A931P
384,6A921P
384,6A871P
384,6A851P
384,6A841P
384,6A831P
384,6A821P
384,6A751P
384,6A741P
384,6A731P
384,6A721P
384,6A541P
384,6A531P
384,6A521P
384,6A431P
384,6A421P
384,6A321P
384,6KQJ1P
384,6KQT1P
384,6KQ91P
384,6KQ81P
384,6KQ71P
384,6KQ51P
384,6KQ41P
384,6KQ31P
384,6KQ21P
384,6KJT1P
384,6KJ91P
384,6KJ81P
384,6KJ71P
384,6KJ51P
384,6KJ41P
384,6KJ31P
384,6KJ21P
384,6KT91P
384,6KT81P
384,6KT71P
384,6KT51P
384,6KT41P
384,6KT31P
384,6KT21P
384,6K981P
384,6K971P
384,6K951P
384,6K941P
384,6K931P
384,6K921P
384,6K871P
384,6K851P
384,6K841P
384,6K831P
384,6K821P
384,6K751P
384,6K741P
384,6K731P
384,6K721P
384,6K541P
384,6K531P
384,6K521P
384,6K431P
384,6K421P
384,6K321P
384,6QJT1P
384,6QJ91P
384,6QJ81P
384,6QJ71P
384,6QJ51P
384,6QJ41P
384,6QJ31P
384,6QJ21P
384,6QT91P
384,6QT81P
384,6QT71P
384,6QT51P
384,6QT41P
384,6QT31P
384,6QT21P
384,6Q981P
384,6Q971P
384,6Q951P
384,6Q941P
384,6Q931P
384,6Q921P
384,6Q871P
384,6Q851P
384,6Q841P
384,6Q831P
384,6Q821P
384,6Q751P
384,6Q741P
384,6Q731P
384,6Q721P
384,6Q541P
384,6Q531P
384,6Q521P
384,6Q431P
384,6Q421P
384,6Q321P
384,6JT91P
384,6JT81P
384,6JT71P
384,6JT51P
384,6JT41P
384,6JT31P
384,6JT21P
384,6J981P
384,6J971P
384,6J951P
384,6J941P
384,6J931P
384,6J921P
384,6J871P
384,6J851P
384,6J841P
384,6J831P
384,6J821P
384,6J751P
384,6J741P
384,6J731P
384,6J721P
384,6J541P
384,6J531P
384,6J521P
384,6J431P
384,6J421P
384,6J321P
384,6T981P
384,6T971P
384,6T951P
384,6T941P
384,6T931P
384,6T921P
384,6T871P
384,6T851P
384,6T841P
384,6T831P
384,6T821P
384,6T751P
384,6T741P
384,6T731P
384,6T721P
384,6T541P
384,6T531P
384,6T521P
384,6T431P
384,6T421P
384,6T321P
384,69871P
384,69851P
384,69841P
384,69831P
384,69821P
384,69751P
384,69741P
384,69731P
384,69721P
384,69541P
384,69531P
384,69521P
384,69431P
384,69421P
384,69321P
384,68751P
384,68741P
384,68731P
384,68721P
384,68541P
384,68531P
384,68521P
384,68431P
384,68421P
384,68321P
384,67541P
384,67531P
384,67521P
384,67431P
384,67421P
384,67321P
384,65431P
384,65421P
384,65321P
384,64321P
384,5AKQ1P
384,5AKJ1P
384,5AKT1P
384,5AK91P
384,5AK81P
384,5AK71P
384,5AK61P
384,5AK41P
384,5AK31P
384,5AK21P
384,5AQJ1P
384,5AQT1P
384,5AQ91P
384,5AQ81P
384,5AQ71P
384,5AQ61P
384,5AQ41P
384,5AQ31P
384,5AQ21P
384,5AJT1P
384,5AJ91P
384,5AJ81P
384,5AJ71P
384,5AJ61P
384,5AJ41P
384,5AJ31P
384,5AJ21P
384,5AT91P
384,5AT81P
384,5AT71P
384,5AT61P
384,5AT41P
384,5AT31P
384,5AT21P
384,5A981P
384,5A971P
384,5A961P
384,5A941P
384,5A931P
384,5A921P
384,5A871P
384,5A861P
384,5A841P
384,5A831P
384,5A821P
384,5A761P
384,5A741P
384,5A731P
384,5A721P
384,5A641P
384,5A631P
384,5A621P
384,5A431P
384,5A421P
384,5A321P
384,5KQJ1P
384,5KQT1P
384,5KQ91P
384,5KQ81P
384,5KQ71P
384,5KQ61P
384,5KQ41P
384,5KQ31P
384,5KQ21P
384,5KJT1P
384,5KJ91P
384,5KJ81P
384,5KJ71P
384,5KJ61P
384,5KJ41P
384,5KJ31P
384,5KJ21P
384,5KT91P
384,5KT81P
384,5KT71P
384,5KT61P
384,5KT41P
384,5KT31P
384,5KT21P
384,5K981P
384,5K971P
384,5K961P
384,5K941P
384,5K931P
384,5K921P
384,5K871P
384,5K861P
384,5K841P
384,5K831P
384,5K821P
384,5K761P
384,5K741P
384,5K731P
384,5K721P
384,5K641P
384,5K631P
384,5K621P
384,5K431P
384,5K421P
384,5K321P
384,5QJT1P
384,5QJ91P
384,5QJ81P
384,5QJ71P
384,5QJ61P
384,5QJ41P
384,5QJ31P
384,5QJ21P
384,5QT91P
384,5QT81P
384,5QT71P
384,5QT61P
384,5QT41P
384,5QT31P
384,5QT21P
384,5Q981P
384,5Q971P
384,5Q961P
384,5Q941P
384,5Q931P
384,5Q921P
384,5Q871P
384,5Q861P
384,5Q841P
384,5Q831P
384,5Q821P
384,5Q761P
384,5Q741P
384,5Q731P
384,5Q721P
384,5Q641P
384,5Q631P
384,5Q621P
384,5Q431P
384,5Q421P
384,5Q321P
384,5JT91P
384,5JT81P
384,5JT71P
384,5JT61P
384,5JT41P
384,5JT31P
384,5JT21P
384,5J981P
384,5J971P
384,5J961P
384,5J941P
384,5J931P
384,5J921P
384,5J871P
384,5J861P
384,5J841P
384,5J831P
384,5J821P
384,5J761P
384,5J741P
384,5J731P
384,5J721P
384,5J641P
384,5J631P
384,5J621P
384,5J431P
384,5J421P
384,5J321P
384,5T981P
384,5T971P
384,5T961P
384,5T941P
384,5T931P
384,5T921P
384,5T871P
384,5T861P
384,5T841P
384,5T831P
384,5T821P
384,5T761P
384,5T741P
384,5T731P
384,5T721P
384,5T641P
384,5T631P
384,5T621P
384,5T431P
384,5T421P
384,5T321P
384,59871P
384,59861P
384,59841P
384,59831P
384,59821P
384,59761P
384,59741P
384,59731P
384,59721P
384,59641P
384,59631P
384,59621P
384,59431P
384,59421P
384,59321P
384,58761P
384,58741P
384,58731P
384,58721P
384,58641P
384,58631P
384,58621P
384,58431P
384,58421P
384,58321P
384,57641P
384,57631P
384,57621P
384,57431P
384,57421P
384,57321P
384,56431P
384,56421P
384,56321P
384,54321P
384,4AKQ1P
384,4AKJ1P
384,4AKT1P
384,4AK91P
384,4AK81P
384,4AK71P
384,4AK61P
384,4AK51P
384,4AK31P
384,4AK21P
384,4AQJ1P
384,4AQT1P
384,4AQ91P
384,4AQ81P
384,4AQ71P
384,4AQ61P
384,4AQ51P
384,4AQ31P
384,4AQ21P
384,4AJT1P
384,4AJ91P
384,4AJ81P
384,4AJ71P
384,4AJ61P
384,4AJ51P
384,4AJ31P
384,4AJ21P
384,4AT91P
384,4AT81P
384,4AT71P
384,4AT61P
384,4AT51P
384,4AT31P
384,4AT21P
384,4A981P
384,4A971P
384,4A961P
384,4A951P
384,4A931P
384,4A921P
384,4A871P
384,4A861P
384,4A851P
384,4A831P
384,4A821P
384,4A761P
384,4A751P
384,4A731P
384,4A721P
384,4A651P
384,4A631P
384,4A621P
384,4A531P
384,4A521P
384,4A321P
384,4KQJ1P
384,4KQT1P
384,4KQ91P
384,4KQ81P
384,4KQ71P
384,4KQ61P
384,4KQ51P
384,4KQ31P
384,4KQ21P
384,4KJT1P
384,4KJ91P
384,4KJ81P
384,4KJ71P
384,4KJ61P
384,4KJ51P
384,4KJ31P
384,4KJ21P
384,4KT91P
384,4KT81P
384,4KT71P
384,4KT61P
384,4KT51P
384,4KT31P
384,4KT21P
384,4K981P
384,4K971P
384,4K961P
384,4K951P
384,4K931P
384,4K921P
384,4K871P
384,4K861P
384,4K851P
384,4K831P
384,4K821P
384,4K761P
384,4K751P
384,4K731P
384,4K721P
384,4K651P
384,4K631P
384,4K621P
384,4K531P
384,4K521P
384,4K321P
384,4QJT1P
384,4QJ91P
384,4QJ81P
384,4QJ71P
384,4QJ61P
384,4QJ51P
384,4QJ31P
384,4QJ21P
384,4QT91P
384,4QT81P
384,4QT71P
384,4QT61P
384,4QT51P
384,4QT31P
384,4QT21P
384,4Q981P
384,4Q971P
384,4Q961P
384,4Q951P
384,4Q931P
384,4Q921P
384,4Q871P
384,4Q861P
384,4Q851P
384,4Q831P
384,4Q821P
384,4Q761P
384,4Q751P
384,4Q731P
384,4Q721P
384,4Q651P
384,4Q631P
384,4Q621P
384,4Q531P
384,4Q521P
384,4Q321P
384,4JT91P
384,4JT81P
384,4JT71P
384,4JT61P
384,4JT51P
384,4JT31P
384,4JT21P
384,4J981P
384,4J971P
384,4J961P
384,4J951P
384,4J931P
384,4J921P
384,4J871P
384,4J861P
384,4J851P
384,4J831P
384,4J821P
384,4J761P
384,4J751P
384,4J731P
384,4J721P
384,4J651P
384,4J631P
384,4J621P
384,4J531P
384,4J521P
384,4J321P
384,4T981P
384,4T971P
384,4T961P
384,4T951P
384,4T931P
384,4T921P
384,4T871P
384,4T861P
384,4T851P
384,4T831P
384,4T821P
384,4T761P
384,4T751P
384,4T731P
384,4T721P
384,4T651P
384,4T631P
384,4T621P
384,4T531P
384,4T521P
384,4T321P
384,49871P
384,49861P
384,49851P
384,49831P
384,49821P
384,49761P
384,49751P
384,49731P
384,49721P
384,49651P
384,49631P
384,49621P
384,49531P
384,49521P
384,49321P
384,48761P
384,48751P
384,48731P
384,48721P
384,48651P
384,48631P
384,48621P
384,48531P
384,48521P
384,48321P
384,47651P
384,47631P
384,47621P
384,47531P
384,47521P
384,47321P
384,46531P
384,46521P
384,46321P
384,45321P
384,3AKQ1P
384,3AKJ1P
384,3AKT1P
384,3AK91P
384,3AK81P
384,3AK71P
384,3AK61P
384,3AK51P
384,3AK41P
384,3AK21P
384,3AQJ1P
384,3AQT1P
384,3AQ91P
384,3AQ81P
384,3AQ71P
384,3AQ61P
384,3AQ51P
384,3AQ41P
384,3AQ21P
384,3AJT1P
384,3AJ91P
384,3AJ81P
384,3AJ71P
384,3AJ61P
384,3AJ51P
384,3AJ41P
384,3AJ21P
384,3AT91P
384,3AT81P
384,3AT71P
384,3AT61P
384,3AT51P
384,3AT41P
384,3AT21P
384,3A981P
384,3A971P
384,3A961P
384,3A951P
384,3A941P
384,3A921P
384,3A871P
384,3A861P
384,3A851P
384,3A841P
384,3A821P
384,3A761P
384,3A751P
384,3A741P
384,3A721P
384,3A651P
384,3A641P
384,3A621P
384,3A541P
384,3A521P
384,3A421P
384,3KQJ1P
384,3KQT1P
384,3KQ91P
384,3KQ81P
384,3KQ71P
384,3KQ61P
384,3KQ51P
384,3KQ41P
384,3KQ21P
384,3KJT1P
384,3KJ91P
384,3KJ81P
384,3KJ71P
384,3KJ61P
384,3KJ51P
384,3KJ41P
384,3KJ21P
384,3KT91P
384,3KT81P
384,3KT71P
384,3KT61P
384,3KT51P
384,3KT41P
384,3KT21P
384,3K981P
384,3K971P
384,3K961P
384,3K951P
384,3K941P
384,3K921P
384,3K871P
384,3K861P
384,3K851P
384,3K841P
384,3K821P
384,3K761P
384,3K751P
384,3K741P
384,3K721P
384,3K651P
384,3K641P
384,3K621P
384,3K541P
384,3K521P
384,3K421P
384,3QJT1P
384,3QJ91P
384,3QJ81P
384,3QJ71P
384,3QJ61P
384,3QJ51P
384,3QJ41P
384,3QJ21P
384,3QT91P
384,3QT81P
384,3QT71P
384,3QT61P
384,3QT51P
384,3QT41P
384,3QT21P
384,3Q981P
384,3Q971P
384,3Q961P
384,3Q951P
384,3Q941P
384,3Q921P
384,3Q871P
384,3Q861P
384,3Q851P
384,3Q841P
384,3Q821P
384,3Q761P
384,3Q751P
384,3Q741P
384,3Q721P
384,3Q651P
384,3Q641P
384,3Q621P
384,3Q541P
384,3Q521P
384,3Q421P
384,3JT91P
384,3JT81P
384,3JT71P
384,3JT61P
384,3JT51P
384,3JT41P
384,3JT21P
384,3J981P
384,3J971P
384,3J961P
384,3J951P
384,3J941P
384,3J921P
384,3J871P
384,3J861P
384,3J851P
384,3J841P
384,3J821P
384,3J761P
384,3J751P
384,3J741P
384,3J721P
384,3J651P
384,3J641P
384,3J621P
384,3J541P
384,3J521P
384,3J421P
384,3T981P
384,3T971P
384,3T961P
384,3T951P
384,3T941P
384,3T921P
384,3T871P
384,3T861P
384,3T851P
384,3T841P
384,3T821P
384,3T761P
384,3T751P
384,3T741P
384,3T721P
384,3T651P
384,3T641P
384,3T621P
384,3T541P
384,3T521P
384,3T421P
384,39871P
384,39861P
384,39851P
384,39841P
384,39821P
384,39761P
384,39751P
384,39741P
384,39721P
384,39651P
384,39641P
384,39621P
384,39541P
384,39521P
384,39421P
384,38761P
384,38751P
384,38741P
384,38721P
384,38651P
384,38641P
384,38621P
384,38541P
384,38521P
384,38421P
384,37651P
384,37641P
384,37621P
384,37541P
384,37521P
384,37421P
384,36541P
384,36521P
384,36421P
384,35421P
384,2AKQ1P
384,2AKJ1P
384,2AKT1P
384,2AK91P
384,2AK81P
384,2AK71P
384,2AK61P
384,2AK51P
384,2AK41P
384,2AK31P
384,2AQJ1P
384,2AQT1P
384,2AQ91P
384,2AQ81P
384,2AQ71P
384,2AQ61P
384,2AQ51P
384,2AQ41P
384,2AQ31P
384,2AJT1P
384,2AJ91P
384,2AJ81P
384,2AJ71P
384,2AJ61P
384,2AJ51P
384,2AJ41P
384,2AJ31P
384,2AT91P
384,2AT81P
384,2AT71P
384,2AT61P
384,2AT51P
384,2AT41P
384,2AT31P
384,2A981P
384,2A971P
384,2A961P
384,2A951P
384,2A941P
384,2A931P
384,2A871P
384,2A861P
384,2A851P
384,2A841P
384,2A831P
384,2A761P
384,2A751P
384,2A741P
384,2A731P
384,2A651P
384,2A641P
384,2A631P
384,2A541P
384,2A531P
384,2A431P
384,2KQJ1P
384,2KQT1P
384,2KQ91P
384,2KQ81P
384,2KQ71P
384,2KQ61P
384,2KQ51P
384,2KQ41P
384,2KQ31P
384,2KJT1P
384,2KJ91P
384,2KJ81P
384,2KJ71P
384,2KJ61P
384,2KJ51P
384,2KJ41P
384,2KJ31P
384,2KT91P
384,2KT81P
384,2KT71P
384,2KT61P
384,2KT51P
384,2KT41P
384,2KT31P
384,2K981P
384,2K971P
384,2K961P
384,2K951P
384,2K941P
384,2K931P
384,2K871P
384,2K861P
384,2K851P
384,2K841P
384,2K831P
384,2K761P
384,2K751P
384,2K741P
384,2K731P
384,2K651P
384,2K641P
384,2K631P
384,2K541P
384,2K531P
384,2K431P
384,2QJT1P
384,2QJ91P
384,2QJ81P
384,2QJ71P
384,2QJ61P
384,2QJ51P
384,2QJ41P
384,2QJ31P
384,2QT91P
384,2QT81P
384,2QT71P
384,2QT61P
384,2QT51P
384,2QT41P
384,2QT31P
384,2Q981P
384,2Q971P
384,2Q961P
384,2Q951P
384,2Q941P
384,2Q931P
384,2Q871P
384,2Q861P
384,2Q851P
384,2Q841P
384,2Q831P
384,2Q761P
384,2Q751P
384,2Q741P
384,2Q731P
384,2Q651P
384,2Q641P
384,2Q631P
384,2Q541P
384,2Q531P
384,2Q431P
384,2JT91P
384,2JT81P
384,2JT71P
384,2JT61P
384,2JT51P
384,2JT41P
384,2JT31P
384,2J981P
384,2J971P
384,2J961P
384,2J951P
384,2J941P
384,2J931P
384,2J871P
384,2J861P
384,2J851P
384,2J841P
384,2J831P
384,2J761P
384,2J751P
384,2J741P
384,2J731P
384,2J651P
384,2J641P
384,2J631P
384,2J541P
384,2J531P
384,2J431P
384,2T981P
384,2T971P
384,2T961P
384,2T951P
384,2T941P
384,2T931P
384,2T871P
384,2T861P
384,2T851P
384,2T841P
384,2T831P
384,2T761P
384,2T751P
384,2T741P
384,2T731P
384,2T651P
384,2T641P
384,2T631P
384,2T541P
384,2T531P
384,2T431P
384,29871P
384,29861P
384,29851P
384,29841P
384,29831P
384,29761P
384,29751P
384,29741P
384,29731P
384,29651P
384,29641P
384,29631P
384,29541P
384,29531P
384,29431P
384,28761P
384,28751P
384,28741P
384,28731P
384,28651P
384,28641P
384,28631P
384,28541P
384,28531P
384,28431P
384,27651P
384,27641P
384,27631P
384,27541P
384,27531P
384,27431P
384,26541P
384,26531P
384,26431P
384,25431P
1020,KQJ9HC
1020,KQJ8HC
1020,KQJ7HC
1020,KQJ6HC
1020,KQJ5HC
1020,KQJ4HC
1020,KQJ3HC
1020,KQJ2HC
1020,KQT9HC
1020,KQT8HC
1020,KQT7HC
1020,KQT6HC
1020,KQT5HC
1020,KQT4HC
1020,KQT3HC
1020,KQT2HC
1020,KQ98HC
1020,KQ97HC
1020,KQ96HC
1020,KQ95HC
1020,KQ94HC
1020,KQ93HC
1020,KQ92HC
1020,KQ87HC
1020,KQ86HC
1020,KQ85HC
1020,KQ84HC
1020,KQ83HC
1020,KQ82HC
1020,KQ76HC
1020,KQ75HC
1020,KQ74HC
1020,KQ73HC
1020,KQ72HC
1020,KQ65HC
1020,KQ64HC
1020,KQ63HC
1020,KQ62HC
1020,KQ54HC
1020,KQ53HC
1020,KQ52HC
1020,KQ43HC
1020,KQ42HC
1020,KQ32HC
1020,KJT9HC
1020,KJT8HC
1020,KJT7HC
1020,KJT6HC
1020,KJT5HC
1020,KJT4HC
1020,KJT3HC
1020,KJT2HC
1020,KJ98HC
1020,KJ97HC
1020,KJ96HC
1020,KJ95HC
1020,KJ94HC
1020,KJ93HC
1020,KJ92HC
1020,KJ87HC
1020,KJ86HC
1020,KJ85HC
1020,KJ84HC
1020,KJ83HC
1020,KJ82HC
1020,KJ76HC
1020,KJ75HC
1020,KJ74HC
1020,KJ73HC
1020,KJ72HC
1020,KJ65HC
1020,KJ64HC
1020,KJ63HC
1020,KJ62HC
1020,KJ54HC
1020,KJ53HC
1020,KJ52HC
1020,KJ43HC
1020,KJ42HC
1020,KJ32HC
1020,KT98HC
1020,KT97HC
1020,KT96HC
1020,KT95HC
1020,KT94HC
1020,KT93HC
1020,KT92HC
1020,KT87HC
1020,KT86HC
1020,KT85HC
1020,KT84HC
1020,KT83HC
1020,KT82HC
1020,KT76HC
1020,KT75HC
1020,KT74HC
1020,KT73HC
1020,KT72HC
1020,KT65HC
1020,KT64HC
1020,KT63HC
1020,KT62HC
1020,KT54HC
1020,KT53HC
1020,KT52HC
1020,KT43HC
1020,KT42HC
1020,KT32HC
1020,K987HC
1020,K986HC
1020,K985HC
1020,K984HC
1020,K983HC
1020,K982HC
1020,K976HC
1020,K975HC
1020,K974HC
1020,K973HC
1020,K972HC
1020,K965HC
1020,K964HC
1020,K963HC
1020,K962HC
1020,K954HC
1020,K953HC
1020,K952HC
1020,K943HC
1020,K942HC
1020,K932HC
1020,K876HC
1020,K875HC
1020,K874HC
1020,K873HC
1020,K872HC
1020,K865HC
1020,K864HC
1020,K863HC
1020,K862HC
1020,K854HC
1020,K853HC
1020,K852HC
1020,K843HC
1020,K842HC
1020,K832HC
1020,K765HC
1020,K764HC
1020,K763HC
1020,K762HC
1020,K754HC
1020,K753HC
1020,K752HC
1020,K743HC
1020,K742HC
1020,K732HC
1020,K654HC
1020,K653HC
1020,K652HC
1020,K643HC
1020,K642HC
1020,K632HC
1020,K543HC
1020,K542HC
1020,K532HC
1020,K432HC
1020,QJT9HC
1020,QJT8HC
1020,QJT7HC
1020,QJT6HC
1020,QJT5HC
1020,QJT4HC
1020,QJT3HC
1020,QJT2HC
1020,QJ98HC
1020,QJ97HC
1020,QJ96HC
1020,QJ95HC
1020,QJ94HC
1020,QJ93HC
1020,QJ92HC
1020,QJ87HC
1020,QJ86HC
1020,QJ85HC
1020,QJ84HC
1020,QJ83HC
1020,QJ82HC
1020,QJ76HC
1020,QJ75HC
1020,QJ74HC
1020,QJ73HC
1020,QJ72HC
1020,QJ65HC
1020,QJ64HC
1020,QJ63HC
1020,QJ62HC
1020,QJ54HC
1020,QJ53HC
1020,QJ52HC
1020,QJ43HC
1020,QJ42HC
1020,QJ32HC
1020,QT98HC
1020,QT97HC
1020,QT96HC
1020,QT95HC
1020,QT94HC
1020,QT93HC
1020,QT92HC
1020,QT87HC
1020,QT86HC
1020,QT85HC
1020,QT84HC
1020,QT83HC
1020,QT82HC
1020,QT76HC
1020,QT75HC
1020,QT74HC
1020,QT73HC
1020,QT72HC
1020,QT65HC
1020,QT64HC
1020,QT63HC
1020,QT62HC
1020,QT54HC
1020,QT53HC
1020,QT52HC
1020,QT43HC
1020,QT42HC
1020,QT32HC
1020,Q987HC
1020,Q986HC
1020,Q985HC
1020,Q984HC
1020,Q983HC
1020,Q982HC
1020,Q976HC
1020,Q975HC
1020,Q974HC
1020,Q973HC
1020,Q972HC
1020,Q965HC
1020,Q964HC
1020,Q963HC
1020,Q962HC
1020,Q954HC
1020,Q953HC
1020,Q952HC
1020,Q943HC
1020,Q942HC
1020,Q932HC
1020,Q876HC
1020,Q875HC
1020,Q874HC
1020,Q873HC
1020,Q872HC
1020,Q865HC
1020,Q864HC
1020,Q863HC
1020,Q862HC
1020,Q854HC
1020,Q853HC
1020,Q852HC
1020,Q843HC
1020,Q842HC
1020,Q832HC
1020,Q765HC
1020,Q764HC
1020,Q763HC
1020,Q762HC
1020,Q754HC
1020,Q753HC
1020,Q752HC
1020,Q743HC
1020,Q742HC
1020,Q732HC
1020,Q654HC
1020,Q653HC
1020,Q652HC
1020,Q643HC
1020,Q642HC
1020,Q632HC
1020,Q543HC
1020,Q542HC
1020,Q532HC
1020,Q432HC
1020,JT98HC
1020,JT97HC
1020,JT96HC
1020,JT95HC
1020,JT94HC
1020,JT93HC
1020,JT92HC
1020,JT87HC
1020,JT86HC
1020,JT85HC
1020,JT84HC
1020,JT83HC
1020,JT82HC
1020,JT76HC
1020,JT75HC
1020,JT74HC
1020,JT73HC
1020,JT72HC
1020,JT65HC
1020,JT64HC
1020,JT63HC
1020,JT62HC
1020,JT54HC
1020,JT53HC
1020,JT52HC
1020,JT43HC
1020,JT42HC
1020,JT32HC
1020,J987HC
1020,J986HC
1020,J985HC
1020,J984HC
1020,J983HC
1020,J982HC
1020,J976HC
1020,J975HC
1020,J974HC
1020,J973HC
1020,J972HC
1020,J965HC
1020,J964HC
1020,J963HC
1020,J962HC
1020,J954HC
1020,J953HC
1020,J952HC
1020,J943HC
1020,J942HC
1020,J932HC
1020,J876HC
1020,J875HC
1020,J874HC
1020,J873HC
1020,J872HC
1020,J865HC
1020,J864HC
1020,J863HC
1020,J862HC
1020,J854HC
1020,J853HC
1020,J852HC
1020,J843HC
1020,J842HC
1020,J832HC
1020,J765HC
1020,J764HC
1020,J763HC
1020,J762HC
1020,J754HC
1020,J753HC
1020,J752HC
1020,J743HC
1020,J742HC
1020,J732HC
1020,J654HC
1020,J653HC
1020,J652HC
1020,J643HC
1020,J642HC
1020,J632HC
1020,J543HC
1020,J542HC
1020,J532HC
1020,J432HC
1020,T987HC
1020,T986HC
1020,T985HC
1020,T984HC
1020,T983HC
1020,T982HC
1020,T976HC
1020,T975HC
1020,T974HC
1020,T973HC
1020,T972HC
1020,T965HC
1020,T964HC
1020,T963HC
1020,T962HC
1020,T954HC
1020,T953HC
1020,T952HC
1020,T943HC
1020,T942HC
1020,T932HC
1020,T876HC
1020,T875HC
1020,T874HC
1020,T873HC
1020,T872HC
1020,T865HC
1020,T864HC
1020,T863HC
1020,T862HC
1020,T854HC
1020,T853HC
1020,T852HC
1020,T843HC
1020,T842HC
1020,T832HC
1020,T765HC
1020,T764HC
1020,T763HC
1020,T762HC
1020,T754HC
1020,T753HC
1020,T752HC
1020,T743HC
1020,T742HC
1020,T732HC
1020,T654HC
1020,T653HC
1020,T652HC
1020,T643HC
1020,T642HC
1020,T632HC
1020,T543HC
1020,T542HC
1020,T532HC
1020,T432HC
1020,9876HC
1020,9875HC
1020,9874HC
1020,9873HC
1020,9872HC
1020,9865HC
1020,9864HC
1020,9863HC
1020,9862HC
1020,9854HC
1020,9853HC
1020,9852HC
1020,9843HC
1020,9842HC
1020,9832HC
1020,9765HC
1020,9764HC
1020,9763HC
1020,9762HC
1020,9754HC
1020,9753HC
1020,9752HC
1020,9743HC
1020,9742HC
1020,9732HC
1020,9654HC
1020,9653HC
1020,9652HC
1020,9643HC
1020,9642HC
1020,9632HC
1020,9543HC
1020,9542HC
1020,9532HC
1020,9432HC
1020,8765HC
1020,8764HC
1020,8763HC
1020,8762HC
1020,8754HC
1020,8753HC
1020,8752HC
1020,8743HC
1020,8742HC
1020,8732HC
1020,8654HC
1020,8653HC
1020,8652HC
1020,8643HC
1020,8642HC
1020,8632HC
1020,8543HC
1020,8542HC
1020,8532HC
1020,8432HC
1020,7654HC
1020,7653HC
1020,7652HC
1020,7643HC
1020,7642HC
1020,7632HC
1020,7543HC
1020,7542HC
1020,7532HC
1020,7432HC
1020,6543HC
1020,6542HC
1020,6532HC
1020,6432HC
1020,QJT8HC
1020,QJT7HC
1020,QJT6HC
1020,QJT5HC
1020,QJT4HC
1020,QJT3HC
1020,QJT2HC
1020,QJ98HC
1020,QJ97HC
1020,QJ96HC
1020,QJ95HC
1020,QJ94HC
1020,QJ93HC
1020,QJ92HC
1020,QJ87HC
1020,QJ86HC
1020,QJ85HC
1020,QJ84HC
1020,QJ83HC
1020,QJ82HC
1020,QJ76HC
1020,QJ75HC
1020,QJ74HC
1020,QJ73HC
1020,QJ72HC
1020,QJ65HC
1020,QJ64HC
1020,QJ63HC
1020,QJ62HC
1020,QJ54HC
1020,QJ53HC
1020,QJ52HC
1020,QJ43HC
1020,QJ42HC
1020,QJ32HC
1020,QT98HC
1020,QT97HC
1020,QT96HC
1020,QT95HC
1020,QT94HC
1020,QT93HC
1020,QT92HC
1020,QT87HC
1020,QT86HC
1020,QT85HC
1020,QT84HC
1020,QT83HC
1020,QT82HC
1020,QT76HC
1020,QT75HC
1020,QT74HC
1020,QT73HC
1020,QT72HC
1020,QT65HC
1020,QT64HC
1020,QT63HC
1020,QT62HC
1020,QT54HC
1020,QT53HC
1020,QT52HC
1020,QT43HC
1020,QT42HC
1020,QT32HC
1020,Q987HC
1020,Q986HC
1020,Q985HC
1020,Q984HC
1020,Q983HC
1020,Q982HC
1020,Q976HC
1020,Q975HC
1020,Q974HC
1020,Q973HC
1020,Q972HC
1020,Q965HC
1020,Q964HC
1020,Q963HC
1020,Q962HC
1020,Q954HC
1020,Q953HC
1020,Q952HC
1020,Q943HC
1020,Q942HC
1020,Q932HC
1020,Q876HC
1020,Q875HC
1020,Q874HC
1020,Q873HC
1020,Q872HC
1020,Q865HC
1020,Q864HC
1020,Q863HC
1020,Q862HC
1020,Q854HC
1020,Q853HC
1020,Q852HC
1020,Q843HC
1020,Q842HC
1020,Q832HC
1020,Q765HC
1020,Q764HC
1020,Q763HC
1020,Q762HC
1020,Q754HC
1020,Q753HC
1020,Q752HC
1020,Q743HC
1020,Q742HC
1020,Q732HC
1020,Q654HC
1020,Q653HC
1020,Q652HC
1020,Q643HC
1020,Q642HC
1020,Q632HC
1020,Q543HC
1020,Q542HC
1020,Q532HC
1020,Q432HC
1020,JT98HC
1020,JT97HC
1020,JT96HC
1020,JT95HC
1020,JT94HC
1020,JT93HC
1020,JT92HC
1020,JT87HC
1020,JT86HC
1020,JT85HC
1020,JT84HC
1020,JT83HC
1020,JT82HC
1020,JT76HC
1020,JT75HC
1020,JT74HC
1020,JT73HC
1020,JT72HC
1020,JT65HC
1020,JT64HC
1020,JT63HC
1020,JT62HC
1020,JT54HC
1020,JT53HC
1020,JT52HC
1020,JT43HC
1020,JT42HC
1020,JT32HC
1020,J987HC
1020,J986HC
1020,J985HC
1020,J984HC
1020,J983HC
1020,J982HC
1020,J976HC
1020,J975HC
1020,J974HC
1020,J973HC
1020,J972HC
1020,J965HC
1020,J964HC
1020,J963HC
1020,J962HC
1020,J954HC
1020,J953HC
1020,J952HC
1020,J943HC
1020,J942HC
1020,J932HC
1020,J876HC
1020,J875HC
1020,J874HC
1020,J873HC
1020,J872HC
1020,J865HC
1020,J864HC
1020,J863HC
1020,J862HC
1020,J854HC
1020,J853HC
1020,J852HC
1020,J843HC
1020,J842HC
1020,J832HC
1020,J765HC
1020,J764HC
1020,J763HC
1020,J762HC
1020,J754HC
1020,J753HC
1020,J752HC
1020,J743HC
1020,J742HC
1020,J732HC
1020,J654HC
1020,J653HC
1020,J652HC
1020,J643HC
1020,J642HC
1020,J632HC
1020,J543HC
1020,J542HC
1020,J532HC
1020,J432HC
1020,T987HC
1020,T986HC
1020,T985HC
1020,T984HC
1020,T983HC
1020,T982HC
1020,T976HC
1020,T975HC
1020,T974HC
1020,T973HC
1020,T972HC
1020,T965HC
1020,T964HC
1020,T963HC
1020,T962HC
1020,T954HC
1020,T953HC
1020,T952HC
1020,T943HC
1020,T942HC
1020,T932HC
1020,T876HC
1020,T875HC
1020,T874HC
1020,T873HC
1020,T872HC
1020,T865HC
1020,T864HC
1020,T863HC
1020,T862HC
1020,T854HC
1020,T853HC
1020,T852HC
1020,T843HC
1020,T842HC
1020,T832HC
1020,T765HC
1020,T764HC
1020,T763HC
1020,T762HC
1020,T754HC
1020,T753HC
1020,T752HC
1020,T743HC
1020,T742HC
1020,T732HC
1020,T654HC
1020,T653HC
1020,T652HC
1020,T643HC
1020,T642HC
1020,T632HC
1020,T543HC
1020,T542HC
1020,T532HC
1020,T432HC
1020,9876HC
1020,9875HC
1020,9874HC
1020,9873HC
1020,9872HC
1020,9865HC
1020,9864HC
1020,9863HC
1020,9862HC
1020,9854HC
1020,9853HC
1020,9852HC
1020,9843HC
1020,9842HC
1020,9832HC
1020,9765HC
1020,9764HC
1020,9763HC
1020,9762HC
1020,9754HC
1020,9753HC
1020,9752HC
1020,9743HC
1020,9742HC
1020,9732HC
1020,9654HC
1020,9653HC
1020,9652HC
1020,9643HC
1020,9642HC
1020,9632HC
1020,9543HC
1020,9542HC
1020,9532HC
1020,9432HC
1020,8765HC
1020,8764HC
1020,8763HC
1020,8762HC
1020,8754HC
1020,8753HC
1020,8752HC
1020,8743HC
1020,8742HC
1020,8732HC
1020,8654HC
1020,8653HC
1020,8652HC
1020,8643HC
1020,8642HC
1020,8632HC
1020,8543HC
1020,8542HC
1020,8532HC
1020,8432HC
1020,7654HC
1020,7653HC
1020,7652HC
1020,7643HC
1020,7642HC
1020,7632HC
1020,7543HC
1020,7542HC
1020,7532HC
1020,7432HC
1020,6543HC
1020,6542HC
1020,6532HC
1020,6432HC
1020,5432HC
1020,JT97HC
1020,JT96HC
1020,JT95HC
1020,JT94HC
1020,JT93HC
1020,JT92HC
1020,JT87HC
1020,JT86HC
1020,JT85HC
1020,JT84HC
1020,JT83HC
1020,JT82HC
1020,JT76HC
1020,JT75HC
1020,JT74HC
1020,JT73HC
1020,JT72HC
1020,JT65HC
1020,JT64HC
1020,JT63HC
1020,JT62HC
1020,JT54HC
1020,JT53HC
1020,JT52HC
1020,JT43HC
1020,JT42HC
1020,JT32HC
1020,J987HC
1020,J986HC
1020,J985HC
1020,J984HC
1020,J983HC
1020,J982HC
1020,J976HC
1020,J975HC
1020,J974HC
1020,J973HC
1020,J972HC
1020,J965HC
1020,J964HC
1020,J963HC
1020,J962HC
1020,J954HC
1020,J953HC
1020,J952HC
1020,J943HC
1020,J942HC
1020,J932HC
1020,J876HC
1020,J875HC
1020,J874HC
1020,J873HC
1020,J872HC
1020,J865HC
1020,J864HC
1020,J863HC
1020,J862HC
1020,J854HC
1020,J853HC
1020,J852HC
1020,J843HC
1020,J842HC
1020,J832HC
1020,J765HC
1020,J764HC
1020,J763HC
1020,J762HC
1020,J754HC
1020,J753HC
1020,J752HC
1020,J743HC
1020,J742HC
1020,J732HC
1020,J654HC
1020,J653HC
1020,J652HC
1020,J643HC
1020,J642HC
1020,J632HC
1020,J543HC
1020,J542HC
1020,J532HC
1020,J432HC
1020,T987HC
1020,T986HC
1020,T985HC
1020,T984HC
1020,T983HC
1020,T982HC
1020,T976HC
1020,T975HC
1020,T974HC
1020,T973HC
1020,T972HC
1020,T965HC
1020,T964HC
1020,T963HC
1020,T962HC
1020,T954HC
1020,T953HC
1020,T952HC
1020,T943HC
1020,T942HC
1020,T932HC
1020,T876HC
1020,T875HC
1020,T874HC
1020,T873HC
1020,T872HC
1020,T865HC
1020,T864HC
1020,T863HC
1020,T862HC
1020,T854HC
1020,T853HC
1020,T852HC
1020,T843HC
1020,T842HC
1020,T832HC
1020,T765HC
1020,T764HC
1020,T763HC
1020,T762HC
1020,T754HC
1020,T753HC
1020,T752HC
1020,T743HC
1020,T742HC
1020,T732HC
1020,T654HC
1020,T653HC
1020,T652HC
1020,T643HC
1020,T642HC
1020,T632HC
1020,T543HC
1020,T542HC
1020,T532HC
1020,T432HC
1020,9876HC
1020,9875HC
1020,9874HC
1020,9873HC
1020,9872HC
1020,9865HC
1020,9864HC
1020,9863HC
1020,9862HC
1020,9854HC
1020,9853HC
1020,9852HC
1020,9843HC
1020,9842HC
1020,9832HC
1020,9765HC
1020,9764HC
1020,9763HC
1020,9762HC
1020,9754HC
1020,9753HC
1020,9752HC
1020,9743HC
1020,9742HC
1020,9732HC
1020,9654HC
1020,9653HC
1020,9652HC
1020,9643HC
1020,9642HC
1020,9632HC
1020,9543HC
1020,9542HC
1020,9532HC
1020,9432HC
1020,8765HC
1020,8764HC
1020,8763HC
1020,8762HC
1020,8754HC
1020,8753HC
1020,8752HC
1020,8743HC
1020,8742HC
1020,8732HC
1020,8654HC
1020,8653HC
1020,8652HC
1020,8643HC
1020,8642HC
1020,8632HC
1020,8543HC
1020,8542HC
1020,8532HC
1020,8432HC
1020,7654HC
1020,7653HC
1020,7652HC
1020,7643HC
1020,7642HC
1020,7632HC
1020,7543HC
1020,7542HC
1020,7532HC
1020,7432HC
1020,6543HC
1020,6542HC
1020,6532HC
1020,6432HC
1020,5432HC
1020,T986HC
1020,T985HC
1020,T984HC
1020,T983HC
1020,T982HC
1020,T976HC
1020,T975HC
1020,T974HC
1020,T973HC
1020,T972HC
1020,T965HC
1020,T964HC
1020,T963HC
1020,T962HC
1020,T954HC
1020,T953HC
1020,T952HC
1020,T943HC
1020,T942HC
1020,T932HC
1020,T876HC
1020,T875HC
1020,T874HC
1020,T873HC
1020,T872HC
1020,T865HC
1020,T864HC
1020,T863HC
1020,T862HC
1020,T854HC
1020,T853HC
1020,T852HC
1020,T843HC
1020,T842HC
1020,T832HC
1020,T765HC
1020,T764HC
1020,T763HC
1020,T762HC
1020,T754HC
1020,T753HC
1020,T752HC
1020,T743HC
1020,T742HC
1020,T732HC
1020,T654HC
1020,T653HC
1020,T652HC
1020,T643HC
1020,T642HC
1020,T632HC
1020,T543HC
1020,T542HC
1020,T532HC
1020,T432HC
1020,9876HC
1020,9875HC
1020,9874HC
1020,9873HC
1020,9872HC
1020,9865HC
1020,9864HC
1020,9863HC
1020,9862HC
1020,9854HC
1020,9853HC
1020,9852HC
1020,9843HC
1020,9842HC
1020,9832HC
1020,9765HC
1020,9764HC
1020,9763HC
1020,9762HC
1020,9754HC
1020,9753HC
1020,9752HC
1020,9743HC
1020,9742HC
1020,9732HC
1020,9654HC
1020,9653HC
1020,9652HC
1020,9643HC
1020,9642HC
1020,9632HC
1020,9543HC
1020,9542HC
1020,9532HC
1020,9432HC
1020,8765HC
1020,8764HC
1020,8763HC
1020,8762HC
1020,8754HC
1020,8753HC
1020,8752HC
1020,8743HC
1020,8742HC
1020,8732HC
1020,8654HC
1020,8653HC
1020,8652HC
1020,8643HC
1020,8642HC
1020,8632HC
1020,8543HC
1020,8542HC
1020,8532HC
1020,8432HC
1020,7654HC
1020,7653HC
1020,7652HC
1020,7643HC
1020,7642HC
1020,7632HC
1020,7543HC
1020,7542HC
1020,7532HC
1020,7432HC
1020,6543HC
1020,6542HC
1020,6532HC
1020,6432HC
1020,5432HC
1020,9875HC
1020,9874HC
1020,9873HC
1020,9872HC
1020,9865HC
1020,9864HC
1020,9863HC
1020,9862HC
1020,9854HC
1020,9853HC
1020,9852HC
1020,9843HC
1020,9842HC
1020,9832HC
1020,9765HC
1020,9764HC
1020,9763HC
1020,9762HC
1020,9754HC
1020,9753HC
1020,9752HC
1020,9743HC
1020,9742HC
1020,9732HC
1020,9654HC
1020,9653HC
1020,9652HC
1020,9643HC
1020,9642HC
1020,9632HC
1020,9543HC
1020,9542HC
1020,9532HC
1020,9432HC
1020,8765HC
1020,8764HC
1020,8763HC
1020,8762HC
1020,8754HC
1020,8753HC
1020,8752HC
1020,8743HC
1020,8742HC
1020,8732HC
1020,8654HC
1020,8653HC
1020,8652HC
1020,8643HC
1020,8642HC
1020,8632HC
1020,8543HC
1020,8542HC
1020,8532HC
1020,8432HC
1020,7654HC
1020,7653HC
1020,7652HC
1020,7643HC
1020,7642HC
1020,7632HC
1020,7543HC
1020,7542HC
1020,7532HC
1020,7432HC
1020,6543HC
1020,6542HC
1020,6532HC
1020,6432HC
1020,5432HC
1020,8764HC
1020,8763HC
1020,8762HC
1020,8754HC
1020,8753HC
1020,8752HC
1020,8743HC
1020,8742HC
1020,8732HC
1020,8654HC
1020,8653HC
1020,8652HC
1020,8643HC
1020,8642HC
1020,8632HC
1020,8543HC
1020,8542HC
1020,8532HC
1020,8432HC
1020,7654HC
1020,7653HC
1020,7652HC
1020,7643HC
1020,7642HC
1020,7632HC
1020,7543HC
1020,7542HC
1020,7532HC
1020,7432HC
1020,6543HC
1020,6542HC
1020,6532HC
1020,6432HC
1020,5432HC
1020,7653HC
1020,7652HC
1020,7643HC
1020,7642HC
1020,7632HC
1020,7543HC
1020,7542HC
1020,7532HC
1020,7432HC
1020,6543HC
1020,6542HC
1020,6532HC
1020,6432HC
1020,5432HC
1020,6542HC
1020,6532HC
1020,6432HC
1020,5432HC
